-- MySQL dump 10.13  Distrib 8.0.30, for macos12 (arm64)
--
-- Host: localhost    Database: tushuo
-- ------------------------------------------------------
-- Server version	8.0.30

/*!40101 SET @OLD_CHARACTER_SET_CLIENT=@@CHARACTER_SET_CLIENT */;
/*!40101 SET @OLD_CHARACTER_SET_RESULTS=@@CHARACTER_SET_RESULTS */;
/*!40101 SET @OLD_COLLATION_CONNECTION=@@COLLATION_CONNECTION */;
/*!50503 SET NAMES utf8mb4 */;
/*!40103 SET @OLD_TIME_ZONE=@@TIME_ZONE */;
/*!40103 SET TIME_ZONE='+00:00' */;
/*!40014 SET @OLD_UNIQUE_CHECKS=@@UNIQUE_CHECKS, UNIQUE_CHECKS=0 */;
/*!40014 SET @OLD_FOREIGN_KEY_CHECKS=@@FOREIGN_KEY_CHECKS, FOREIGN_KEY_CHECKS=0 */;
/*!40101 SET @OLD_SQL_MODE=@@SQL_MODE, SQL_MODE='NO_AUTO_VALUE_ON_ZERO' */;
/*!40111 SET @OLD_SQL_NOTES=@@SQL_NOTES, SQL_NOTES=0 */;

--
-- Table structure for table `comment`
--

DROP TABLE IF EXISTS `comment`;
/*!40101 SET @saved_cs_client     = @@character_set_client */;
/*!50503 SET character_set_client = utf8mb4 */;
CREATE TABLE `comment` (
  `id` bigint NOT NULL AUTO_INCREMENT,
  `type` char(1) DEFAULT '0' COMMENT '评论类型（0代表文章评论，1代表友链评论）',
  `article_id` bigint DEFAULT NULL COMMENT '文章id',
  `question_id` bigint DEFAULT NULL,
  `root_id` bigint DEFAULT '-1' COMMENT '根评论id',
  `content` varchar(512) DEFAULT NULL COMMENT '评论内容',
  `to_comment_user_id` bigint DEFAULT '-1' COMMENT '所回复的目标评论的userid',
  `to_comment_id` bigint DEFAULT '-1' COMMENT '回复目标评论id',
  `create_by` bigint DEFAULT NULL,
  `create_time` datetime DEFAULT NULL,
  `update_by` bigint DEFAULT NULL,
  `update_time` datetime DEFAULT NULL,
  `del_flag` int DEFAULT '0' COMMENT '删除标志（0代表未删除，1代表已删除）',
  PRIMARY KEY (`id`)
) ENGINE=InnoDB DEFAULT CHARSET=utf8mb4 COLLATE=utf8mb4_0900_ai_ci COMMENT='评论表';
/*!40101 SET character_set_client = @saved_cs_client */;

--
-- Dumping data for table `comment`
--

LOCK TABLES `comment` WRITE;
/*!40000 ALTER TABLE `comment` DISABLE KEYS */;
/*!40000 ALTER TABLE `comment` ENABLE KEYS */;
UNLOCK TABLES;

--
-- Table structure for table `gen_table`
--

DROP TABLE IF EXISTS `gen_table`;
/*!40101 SET @saved_cs_client     = @@character_set_client */;
/*!50503 SET character_set_client = utf8mb4 */;
CREATE TABLE `gen_table` (
  `table_id` bigint NOT NULL AUTO_INCREMENT COMMENT '编号',
  `table_name` varchar(200) DEFAULT '' COMMENT '表名称',
  `table_comment` varchar(500) DEFAULT '' COMMENT '表描述',
  `sub_table_name` varchar(64) DEFAULT NULL COMMENT '关联子表的表名',
  `sub_table_fk_name` varchar(64) DEFAULT NULL COMMENT '子表关联的外键名',
  `class_name` varchar(100) DEFAULT '' COMMENT '实体类名称',
  `tpl_category` varchar(200) DEFAULT 'crud' COMMENT '使用的模板（crud单表操作 tree树表操作）',
  `package_name` varchar(100) DEFAULT NULL COMMENT '生成包路径',
  `module_name` varchar(30) DEFAULT NULL COMMENT '生成模块名',
  `business_name` varchar(30) DEFAULT NULL COMMENT '生成业务名',
  `function_name` varchar(50) DEFAULT NULL COMMENT '生成功能名',
  `function_author` varchar(50) DEFAULT NULL COMMENT '生成功能作者',
  `gen_type` char(1) DEFAULT '0' COMMENT '生成代码方式（0zip压缩包 1自定义路径）',
  `gen_path` varchar(200) DEFAULT '/' COMMENT '生成路径（不填默认项目路径）',
  `options` varchar(1000) DEFAULT NULL COMMENT '其它生成选项',
  `create_by` varchar(64) DEFAULT '' COMMENT '创建者',
  `create_time` datetime DEFAULT NULL COMMENT '创建时间',
  `update_by` varchar(64) DEFAULT '' COMMENT '更新者',
  `update_time` datetime DEFAULT NULL COMMENT '更新时间',
  `remark` varchar(500) DEFAULT NULL COMMENT '备注',
  PRIMARY KEY (`table_id`)
) ENGINE=InnoDB AUTO_INCREMENT=3 DEFAULT CHARSET=utf8mb4 COLLATE=utf8mb4_0900_ai_ci ROW_FORMAT=DYNAMIC COMMENT='代码生成业务表';
/*!40101 SET character_set_client = @saved_cs_client */;

--
-- Dumping data for table `gen_table`
--

LOCK TABLES `gen_table` WRITE;
/*!40000 ALTER TABLE `gen_table` DISABLE KEYS */;
INSERT INTO `gen_table` VALUES (1,'sg_article','文章表',NULL,NULL,'SgArticle','crud','com.guo.system','system','article','文章','guo','0','/',NULL,'admin','2024-03-20 17:19:17','',NULL,NULL),(2,'sg_link','问答',NULL,NULL,'SgLink','crud','com.guo.system','system','link','问答','guo','0','/',NULL,'admin','2024-03-20 17:19:17','',NULL,NULL);
/*!40000 ALTER TABLE `gen_table` ENABLE KEYS */;
UNLOCK TABLES;

--
-- Table structure for table `gen_table_column`
--

DROP TABLE IF EXISTS `gen_table_column`;
/*!40101 SET @saved_cs_client     = @@character_set_client */;
/*!50503 SET character_set_client = utf8mb4 */;
CREATE TABLE `gen_table_column` (
  `column_id` bigint NOT NULL AUTO_INCREMENT COMMENT '编号',
  `table_id` bigint DEFAULT NULL COMMENT '归属表编号',
  `column_name` varchar(200) DEFAULT NULL COMMENT '列名称',
  `column_comment` varchar(500) DEFAULT NULL COMMENT '列描述',
  `column_type` varchar(100) DEFAULT NULL COMMENT '列类型',
  `java_type` varchar(500) DEFAULT NULL COMMENT 'JAVA类型',
  `java_field` varchar(200) DEFAULT NULL COMMENT 'JAVA字段名',
  `is_pk` char(1) DEFAULT NULL COMMENT '是否主键（1是）',
  `is_increment` char(1) DEFAULT NULL COMMENT '是否自增（1是）',
  `is_required` char(1) DEFAULT NULL COMMENT '是否必填（1是）',
  `is_insert` char(1) DEFAULT NULL COMMENT '是否为插入字段（1是）',
  `is_edit` char(1) DEFAULT NULL COMMENT '是否编辑字段（1是）',
  `is_list` char(1) DEFAULT NULL COMMENT '是否列表字段（1是）',
  `is_query` char(1) DEFAULT NULL COMMENT '是否查询字段（1是）',
  `query_type` varchar(200) DEFAULT 'EQ' COMMENT '查询方式（等于、不等于、大于、小于、范围）',
  `html_type` varchar(200) DEFAULT NULL COMMENT '显示类型（文本框、文本域、下拉框、复选框、单选框、日期控件）',
  `dict_type` varchar(200) DEFAULT '' COMMENT '字典类型',
  `sort` int DEFAULT NULL COMMENT '排序',
  `create_by` varchar(64) DEFAULT '' COMMENT '创建者',
  `create_time` datetime DEFAULT NULL COMMENT '创建时间',
  `update_by` varchar(64) DEFAULT '' COMMENT '更新者',
  `update_time` datetime DEFAULT NULL COMMENT '更新时间',
  PRIMARY KEY (`column_id`)
) ENGINE=InnoDB AUTO_INCREMENT=24 DEFAULT CHARSET=utf8mb4 COLLATE=utf8mb4_0900_ai_ci ROW_FORMAT=DYNAMIC COMMENT='代码生成业务表字段';
/*!40101 SET character_set_client = @saved_cs_client */;

--
-- Dumping data for table `gen_table_column`
--

LOCK TABLES `gen_table_column` WRITE;
/*!40000 ALTER TABLE `gen_table_column` DISABLE KEYS */;
INSERT INTO `gen_table_column` VALUES (1,1,'id',NULL,'bigint','Long','id','1','1',NULL,'1',NULL,NULL,NULL,'EQ','input','',1,'admin','2024-03-20 17:19:17','',NULL),(2,1,'title','标题','varchar(256)','String','title','0','0',NULL,'1','1','1','1','EQ','input','',2,'admin','2024-03-20 17:19:17','',NULL),(3,1,'content','文章内容','longtext','String','content','0','0',NULL,'1','1','1','1','EQ','editor','',3,'admin','2024-03-20 17:19:17','',NULL),(4,1,'summary','文章摘要','varchar(1024)','String','summary','0','0',NULL,'1','1','1','1','EQ','textarea','',4,'admin','2024-03-20 17:19:17','',NULL),(5,1,'thumbnail','缩略图','varchar(256)','String','thumbnail','0','0',NULL,'1','1','1','1','EQ','input','',5,'admin','2024-03-20 17:19:17','',NULL),(6,1,'is_top','是否置顶（0否，1是）','char(1)','String','isTop','0','0',NULL,'1','1','1','1','EQ','input','',6,'admin','2024-03-20 17:19:17','',NULL),(7,1,'status','状态（0已发布，1草稿）','char(1)','String','status','0','0',NULL,'1','1','1','1','EQ','radio','',7,'admin','2024-03-20 17:19:17','',NULL),(8,1,'view_count','访问量','bigint','Long','viewCount','0','0',NULL,'1','1','1','1','EQ','input','',8,'admin','2024-03-20 17:19:17','',NULL),(9,1,'is_comment','是否允许评论 1是，0否','char(1)','String','isComment','0','0',NULL,'1','1','1','1','EQ','input','',9,'admin','2024-03-20 17:19:17','',NULL),(10,1,'create_by',NULL,'bigint','Long','createBy','0','0',NULL,'1',NULL,NULL,NULL,'EQ','input','',10,'admin','2024-03-20 17:19:17','',NULL),(11,1,'create_time',NULL,'datetime','Date','createTime','0','0',NULL,'1',NULL,NULL,NULL,'EQ','datetime','',11,'admin','2024-03-20 17:19:17','',NULL),(12,1,'update_by',NULL,'bigint','Long','updateBy','0','0',NULL,'1','1',NULL,NULL,'EQ','input','',12,'admin','2024-03-20 17:19:17','',NULL),(13,1,'update_time',NULL,'datetime','Date','updateTime','0','0',NULL,'1','1',NULL,NULL,'EQ','datetime','',13,'admin','2024-03-20 17:19:17','',NULL),(14,1,'del_flag','删除标志（0代表未删除，1代表已删除）','int','Long','delFlag','0','0',NULL,'1',NULL,NULL,NULL,'EQ','input','',14,'admin','2024-03-20 17:19:17','',NULL),(15,2,'id',NULL,'bigint','Long','id','1','1',NULL,'1',NULL,NULL,NULL,'EQ','input','',1,'admin','2024-03-20 17:19:17','',NULL),(16,2,'content','问答内容','varchar(512)','String','content','0','0',NULL,'1','1','1','1','EQ','editor','',2,'admin','2024-03-20 17:19:17','',NULL),(17,2,'status','审核状态 (0代表审核通过，1代表审核未通过，2代表未审核)','char(1)','String','status','0','0',NULL,'1','1','1','1','EQ','radio','',3,'admin','2024-03-20 17:19:17','',NULL),(18,2,'view_count','浏览量','int','Long','viewCount','0','0',NULL,'1','1','1','1','EQ','input','',4,'admin','2024-03-20 17:19:17','',NULL),(19,2,'create_by',NULL,'bigint','Long','createBy','0','0',NULL,'1',NULL,NULL,NULL,'EQ','input','',5,'admin','2024-03-20 17:19:17','',NULL),(20,2,'create_time',NULL,'datetime','Date','createTime','0','0',NULL,'1',NULL,NULL,NULL,'EQ','datetime','',6,'admin','2024-03-20 17:19:17','',NULL),(21,2,'update_by',NULL,'bigint','Long','updateBy','0','0',NULL,'1','1',NULL,NULL,'EQ','input','',7,'admin','2024-03-20 17:19:17','',NULL),(22,2,'update_time',NULL,'datetime','Date','updateTime','0','0',NULL,'1','1',NULL,NULL,'EQ','datetime','',8,'admin','2024-03-20 17:19:17','',NULL),(23,2,'del_flag','删除标志（0代表未删除，1代表已删除）','int','Long','delFlag','0','0',NULL,'1',NULL,NULL,NULL,'EQ','input','',9,'admin','2024-03-20 17:19:17','',NULL);
/*!40000 ALTER TABLE `gen_table_column` ENABLE KEYS */;
UNLOCK TABLES;

--
-- Table structure for table `sg_article`
--

DROP TABLE IF EXISTS `sg_article`;
/*!40101 SET @saved_cs_client     = @@character_set_client */;
/*!50503 SET character_set_client = utf8mb4 */;
CREATE TABLE `sg_article` (
  `id` bigint NOT NULL AUTO_INCREMENT,
  `title` varchar(256) DEFAULT NULL COMMENT '标题',
  `content` longtext COMMENT '文章内容',
  `summary` varchar(1024) DEFAULT NULL COMMENT '文章摘要',
  `category_id` bigint DEFAULT NULL COMMENT '所属分类id',
  `thumbnail` varchar(256) DEFAULT NULL COMMENT '缩略图',
  `is_top` char(1) DEFAULT '0' COMMENT '是否置顶（0否，1是）',
  `status` char(1) DEFAULT '1' COMMENT '状态（0已发布，1草稿）',
  `view_count` bigint DEFAULT '0' COMMENT '访问量',
  `is_comment` char(1) DEFAULT '1' COMMENT '是否允许评论 1是，0否',
  `create_by` bigint DEFAULT NULL,
  `create_time` datetime DEFAULT NULL,
  `update_by` bigint DEFAULT NULL,
  `update_time` datetime DEFAULT NULL,
  `del_flag` int DEFAULT '0' COMMENT '删除标志（0代表未删除，1代表已删除）',
  PRIMARY KEY (`id`)
) ENGINE=InnoDB AUTO_INCREMENT=55 DEFAULT CHARSET=utf8mb4 COLLATE=utf8mb4_0900_ai_ci COMMENT='文章表';
/*!40101 SET character_set_client = @saved_cs_client */;

--
-- Dumping data for table `sg_article`
--

LOCK TABLES `sg_article` WRITE;
/*!40000 ALTER TABLE `sg_article` DISABLE KEYS */;
INSERT INTO `sg_article` VALUES (9,'我喜欢大海','# 啊啊啊真的好喜欢大海\n## 你喜欢大海吗\n### ***反正我是真的喜欢***\n大海真的好好，不信你去[b站](https://www.bilibili.com/)看看\n1. 首先 大海好\n2. 其次，大海好\n3. 最后，大海好\n![8117076A09844C189993F80C61C79EE5.jpeg](https://xlzfa.oss-cn-beijing.aliyuncs.com/sangengblog/75e9b05e697949678e2504f9937e3ec9.jpeg)\n大海的好你不懂','这是测试，但是我真的喜欢大海',19,'https://xlzfa.oss-cn-beijing.aliyuncs.com/sangengblog/3eaabb390e3347fcaf6dd2c4aace320b.jpeg','1','0',21,'0',1,'2025-03-27 09:24:44',NULL,'2025-04-11 14:12:46',0),(20,'山','# 探索壮丽的雪山之巅\n\n![763AF824B7A9470BBC24A7FCCDD94C62.jpeg](https://xlzfa.oss-cn-beijing.aliyuncs.com/sangengblog/d63f35d6aefa445fa83c21f8920f987b.jpeg)\n\n## 引言\n\n在旅行的旅途中，总有一些景色让人难以忘怀，而雪山之巅无疑是其中之一。今天，我将带你一起探索这座壮丽的雪山，感受大自然的鬼斧神工。\n\n## 雪山之美\n\n雪山，以其巍峨的身姿和纯净的雪白，吸引着无数旅行者和摄影爱好者。在这张照片中，我们可以看到雪山在夕阳的映照下，显得格外壮丽。阳光洒在雪山的峰顶，形成了一幅美丽的画卷。\n\n### 地理位置\n\n这座雪山位于[具体地理位置]，是该地区最著名的自然景观之一。它不仅拥有壮丽的景色，还承载着丰富的自然生态和文化历史。\n\n### 最佳观赏时间\n\n观赏雪山的最佳时间通常是在清晨和傍晚。这个时候，阳光的角度最为柔和，能够将雪山的轮廓和细节展现得淋漓尽致。此外，清晨的雪山空气清新，是徒步旅行和摄影的最佳时机。\n\n## 徒步旅行体验\n\n对于喜欢徒步旅行的朋友来说，这座雪山提供了绝佳的路线。从山脚出发，沿着蜿蜒的小径向上攀登，每一步都充满了挑战和惊喜。\n\n### 路线推荐\n\n- **初级路线**：适合初学者，沿途风景优美，可以欣赏到雪山的壮丽景色。\n- **中级路线**：需要一定的体力和耐力，但能够更近距离地接触雪山，感受其雄伟。\n- **高级路线**：适合经验丰富的徒步者，挑战性极高，但风景也是最为壮观的。\n\n### 注意事项\n\n- **装备准备**：根据路线的难度，准备相应的徒步装备，如登山鞋、背包、水和食物等。\n- **安全第一**：在徒步过程中，注意安全，遵守当地的规定和指南。\n- **环境保护**：在享受自然美景的同时，也要注意保护环境，不留下任何垃圾。\n\n## 结语\n\n雪山之巅，不仅是一幅美丽的画卷，更是一次心灵的洗礼。在这里，你可以暂时忘却城市的喧嚣，与大自然亲密接触，感受生命的力量和美丽。\n\n希望这篇博客能够激发你对雪山的向往，计划一次属于自己的雪山之旅。在旅途中，不妨带上相机，记录下每一个难忘的瞬间。\n\n---\n\n**作者**：[你的名字]\n**日期**：2025年03月31日','我喜欢日照金山，虽然这不是日照金山，但是我喜欢山',18,'https://xlzfa.oss-cn-beijing.aliyuncs.com/sangengblog/f5ab46c6388448fc8f119a414b845a32.jpeg','1','0',14,'0',1,'2025-03-31 15:46:42',NULL,'2025-04-11 14:12:54',0),(28,'雪域风电：一场与未来的对话','# 雪域风电：一场与未来的对话  \n![4C44C19474DE48AFA50A075BC0261A87.jpeg](https://xlzfa.oss-cn-beijing.aliyuncs.com/sangengblog/2d86b696d8b643ed8fce89991074cd11.jpeg)\n\n清晨的阳光穿透云层，洒在覆盖着薄雪的山丘上。远处，一排排银白色的风力发电机在晨光中静静矗立，仿佛守望者般凝视着这片纯净的土地。这里是位于北纬45°的风力发电基地，一个科技与自然交织的奇妙之地。  \n\n## 一、初遇：风的方向  \n\n当我驱车穿过蜿蜒的山路，第一眼看到这些巨大的风机时，内心涌起一种难以言喻的震撼。它们以一种近乎庄严的姿态排列着，叶片在微风中缓缓转动，仿佛在低语着某种古老的秘密。  \n\n风力发电机组的叶片长达数十米，表面覆盖着特殊的防冰涂层。即便在零下20°C的严寒中，它们依然能保持高效运转。导游告诉我，这片风电场每年可减少约50万吨二氧化碳排放——相当于种植了2500万棵树。  \n\n## 二、徒步：触摸未来  \n\n我决定徒步探索这片风电森林。脚下是松软的积雪，偶尔能发现野兔的足迹。风机的基座深埋地下10米，确保在强风中稳如磐石。每走一步，都能感受到科技与自然的微妙平衡。  \n\n突然，一阵强风掠过山脊，风机叶片加速旋转，发出低沉的嗡鸣声。这种声音并非噪音，而更像是一种节奏——地球与人类协作的节拍。  \n\n## 三、午后：云端之上  \n\n午后，我登上观景台，视野豁然开朗。风机阵列在云雾中若隐若现，宛如通向天空的阶梯。工作人员递给我一副VR眼镜，通过实时监控系统，我看到了风机内部的精密机械：齿轮咬合、电流涌动，一切都在无声中完成。  \n\n\"这片风电场每年为周边城市提供足够10万户家庭使用的清洁能源。\"技术员的声音从身后传来，\"但真正的挑战是让自然与技术共存。\"  \n\n## 四、黄昏：光与影的交响  \n\n夕阳西下时，风机叶片在余晖中染上金色。远处的云层被染成玫瑰色，整个山谷仿佛沉浸在一场无声的交响乐中。  \n\n我坐在一块石头上，看着最后一缕阳光消失在山脊后。这些风机不仅是能源设施，更是人类与自然对话的象征——提醒我们，未来并非遥不可及，而是需要用心倾听的当下。  \n\n## 五、小贴士  \n\n- **最佳观景时间**：日出或日落时分，光影效果最佳  \n- **装备建议**：防风外套、保暖靴、望远镜  \n- **环保提示**：请勿靠近风机基座，保持至少50米距离  \n\n这片雪域风电场让我明白，真正的旅行不仅是看风景，更是感受人类如何与地球共生。下次当你使用清洁能源时，不妨想象一下，那些旋转的叶片正在某个角落默默守护着我们的未来。','清晨的阳光穿透云层，洒在覆盖着薄雪的山丘上。远处，一排排银白色的风力发电机在晨光中静静矗立，仿佛守望者般凝视着这片纯净的土地。这里是位于北纬45°的风力发电基地，一个科技与自然交织的奇妙之地。  ',22,'https://xlzfa.oss-cn-beijing.aliyuncs.com/sangengblog/7564499dc6f34c5783a814ed382d6082.jpeg','1','0',9,'0',14787164048668,'2025-04-17 10:53:27',14787164048668,'2025-04-17 10:53:27',0),(29,'富士山下：一场与晨曦的邂逅','# 富士山下：一场与晨曦的邂逅\n\n## 日期：2024-04-17\n\n![6315BDD92C92433E97B8F434AD44B11B.jpeg](https://xlzfa.oss-cn-beijing.aliyuncs.com/sangengblog/c7cbbe62bc4241ed9573873f60f354df.jpeg)\n\n当第一缕晨光穿透夜的帷幕，我站在富士山脚下，凝视着这座神圣的山峰。在这片宁静的土地上，时间仿佛静止，只剩下心灵与自然的对话。\n\n### 晨曦中的富士山\n\n晨光熹微，富士山在晨雾中若隐若现，山顶的积雪在朝阳的映照下闪烁着银白色的光芒。山脚下的小镇，房屋的轮廓在晨光中逐渐清晰，宁静而祥和。我仿佛能听到远处传来的鸟鸣，它们在歌唱着新的一天。\n\n### 静谧的小镇生活\n\n小镇的街道上，偶尔有行人匆匆走过，他们的脚步声在清晨的空气中回响。一家便利店的灯光温暖而明亮，透过玻璃窗，我看到了里面忙碌的身影。一辆白色的面包车静静地停在路边，等待着它的主人开始新一天的旅程。\n\n### 与自然的对话\n\n我闭上眼睛，深呼吸，让清新的空气充满我的胸腔。这里的空气带着山间特有的清新，让人心旷神怡。我仿佛能感觉到富士山的气息，它在诉说着古老的传说，讲述着岁月的故事。\n\n### 心灵的触动\n\n在这片土地上，我感受到了一种前所未有的平静。富士山的壮丽景色让我的心灵得到了净化，小镇的宁静生活让我的心灵得到了安宁。这一刻，我与自然融为一体，感受到了生命的美好。\n\n### 晨光中的告别\n\n随着太阳的升起，小镇开始苏醒，新的一天开始了。我带着满满的感动和回忆，告别了这片宁静的土地。富士山，这座神圣的山峰，将继续守护着这片土地，见证着岁月的流转。\n\n---\n\n**旅行感悟：**\n在富士山下，我找到了心灵的归宿。这里的每一缕晨光，每一阵清风，都在诉说着自然的美丽。我将这份感动珍藏在心，让它成为我旅途中最宝贵的记忆。\n\n---\n\n*感谢阅读，愿每一个旅者都能找到属于自己的那片宁静。*','当第一缕晨光穿透夜的帷幕，我站在富士山脚下，凝视着这座神圣的山峰。在这片宁静的土地上，时间仿佛静止，只剩下心灵与自然的对话。',18,'https://xlzfa.oss-cn-beijing.aliyuncs.com/sangengblog/702407bb8c1846e0a7f8d74086fac5dc.jpeg','1','0',35,'0',14787164048668,'2025-04-17 10:57:38',14787164048668,'2025-04-17 10:57:38',0),(30,'夜幕下的城市脉搏','# 夜幕下的城市脉搏\n\n## 日期：2024-04-17\n\n![E98D0BA0AF7042CCB8D8E906AB610130.jpeg](https://xlzfa.oss-cn-beijing.aliyuncs.com/sangengblog/c1ae3fe1301e4139a1043fe5282a6dd0.jpeg)\n\n### 引言\n\n当夜幕降临，城市的喧嚣并未因此停歇，反而在灯光的映衬下显得更加生动。每一盏灯都是一个故事，每一道光都是城市跳动的脉搏。今夜，我将带你领略这座城市的夜景，感受它独有的魅力。\n\n### 城市的光影\n\n从高处俯瞰，城市的轮廓被灯光勾勒出来，如同一幅精美的画卷。桥梁如同城市的动脉，车流在上面穿梭，留下一道道光轨，仿佛是时间的轨迹。河流静静地流淌，水面反射着周围的灯光，波光粼粼，如同点点繁星。\n\n### 灯光下的故事\n\n每一盏灯下都有一个故事。或许是家中温暖的晚餐，或许是办公室里忙碌的身影，又或许是街头艺人的表演。这些故事汇聚在一起，构成了这座城市的夜生活。它们或许平凡，却真实而温暖。\n\n### 桥梁与河流的对话\n\n桥梁横跨河流，连接着两岸的生活。它们不仅是交通的枢纽，更是城市文化的载体。在灯光的映照下，桥梁与河流仿佛在进行一场对话，讲述着城市的历史与未来。\n\n### 夜的静谧与繁华\n\n尽管城市的夜晚灯火辉煌，但在这繁华背后，也有一种静谧的美。远离喧嚣的街区，小巷里的灯光柔和而宁静，给人一种安心的感觉。这种静谧与繁华的对比，让城市的夜晚更加迷人。\n\n### 结语\n\n城市的夜景是一幅流动的画卷，每一刻都在变化，每一处都有惊喜。它展现了城市的活力，也反映了城市的灵魂。在这座城市中，每个人都可以找到属于自己的那片光。\n\n---\n\n**旅行小贴士：**\n- **最佳观赏时间**：夜晚是观赏城市夜景的最佳时间，尤其是日落后的蓝调时刻。\n- **观赏地点**：选择一个高点，如高楼的观景台或山丘，可以俯瞰整个城市的夜景。\n- **摄影技巧**：使用三脚架和慢门拍摄，可以捕捉到车流的光轨和水面的波光。\n\n---\n\n*感谢阅读，愿每一个夜晚都能带给你不同的感动。*','当夜幕降临，城市的喧嚣并未因此停歇，反而在灯光的映衬下显得更加生动。每一盏灯都是一个故事，每一道光都是城市跳动的脉搏。今夜，我将带你领略这座城市的夜景，感受它独有的魅力。',20,'https://xlzfa.oss-cn-beijing.aliyuncs.com/sangengblog/87a197e037d140a2a27d2f802832b560.jpeg','1','0',11,'0',14787164048668,'2025-04-17 10:59:47',14787164048668,'2025-04-17 10:59:47',0),(35,'迷雾中的现代建筑：探索未来与艺术的交汇点','# 迷雾中的现代建筑：探索未来与艺术的交汇点\n\n\n![0BADE578B6384A48A9C860698B73EAFD.jpeg](https://xlzfa.oss-cn-beijing.aliyuncs.com/sangengblog/6e0bf53093644843a0131f48e427b578.jpeg)\n\n## 引言\n\n在城市的心脏，有一处地方，它的存在本身就是一种艺术的表达。今天，我将带你走进这座被迷雾笼罩的现代建筑，一起探索它那独特的设计和深邃的内涵。\n\n## 建筑外观\n\n这座建筑的外墙由无数垂直排列的矩形窗户组成，这些窗户仿佛是建筑的眼睛，静静地观察着世界的变迁。窗户之间的黑色装饰条，不仅为建筑增添了一抹现代感，更在视觉上形成了强烈的对比，让人不禁驻足欣赏。\n\n## 波浪形结构\n\n建筑的一侧，有一个波浪形的结构，它优雅地弯曲着，仿佛是海浪在风中起舞。这个设计不仅在视觉上给人以极大的冲击力，更在结构上展现了建筑师的巧思。它可能是一个独特的屋顶，也可能是一面装饰性的墙面，但无论如何，它都为这座建筑增添了一份动态的美感。\n\n## 神秘氛围\n\n当薄雾缓缓升起，整个建筑仿佛被一层神秘的面纱所覆盖。这种自然现象与建筑的现代设计形成了鲜明的对比，让人仿佛置身于一个梦幻的世界。迷雾中的建筑，既显得神秘莫测，又充满了未来感，仿佛在诉说着一个关于未来的故事。\n\n## 探索与发现\n\n走进这座建筑，你会发现每一个角落都充满了惊喜。无论是那些设计精巧的窗户，还是那些充满艺术感的装饰，都让人感受到建筑师对于细节的极致追求。在这里，你可以尽情地探索，发现那些隐藏在建筑之中的秘密。\n\n## 结语\n\n这座现代建筑，不仅是一个物理空间，更是一件艺术品，一个探索未来与艺术交汇点的窗口。它让我们看到了人类在建筑设计上的无限可能，也让我们对未来充满了期待。如果你对现代建筑感兴趣，不妨亲自去探索一下，感受它带来的视觉和心灵的震撼。\n\n---\n\n希望这篇博文能够激发你对现代建筑的兴趣和探索欲望。如果你有任何问题或想要了解更多信息，欢迎在评论区留言！让我们一起在建筑的世界里，寻找那些隐藏的美好。','在城市的心脏，有一处地方，它的存在本身就是一种艺术的表达。今天，我将带你走进这座被迷雾笼罩的现代建筑，一起探索它那独特的设计和深邃的内涵。',20,'https://xlzfa.oss-cn-beijing.aliyuncs.com/sangengblog/0d308eda338e429799ce90199b9409de.jpeg','1','0',0,'0',14787164048669,'2025-04-23 11:50:57',14787164048669,'2025-04-23 11:50:57',0),(36,'黄昏下的城市：历史与现代的交响曲','# 黄昏下的城市：历史与现代的交响曲\n\n\n![01DD2CA4866A46A1B5B635E00C9FC314.jpeg](https://xlzfa.oss-cn-beijing.aliyuncs.com/sangengblog/ae3d9b5612fb4bedad81ccddee0b7736.jpeg)\n\n## 引言\n\n在忙碌的生活中，我们常常忽略了身边的美好。今天，我想和大家分享一张我在黄昏时分拍摄的城市照片，让我们一起在这张照片中感受城市的历史与现代的交融。\n\n## 城市黄昏的美景\n\n这张照片捕捉了城市在黄昏时分的宁静与美丽。夕阳的余晖洒在城市的每一个角落，给高楼大厦和传统建筑都披上了一层金色的外衣。远处的山脉在天空的映衬下显得格外壮丽，它们静静地守护着这座城市，见证了它的变迁与发展。\n\n## 历史与现代的融合\n\n前景中的传统建筑，屋顶覆盖着瓦片，屋檐翘起，透露出浓厚的历史气息。这些古老的建筑与背景中的现代高楼大厦形成了鲜明的对比，展现了城市在发展过程中对传统的尊重与保护。这种历史与现代的融合，不仅让城市更加多元和丰富，也让我们在快节奏的生活中找到了一丝宁静与安慰。\n\n## 灯光的温暖\n\n随着夜幕的降临，城市的灯光逐渐亮起，为这座城市增添了一抹温暖的色彩。这些灯光不仅照亮了城市的夜空，也温暖了每一个在城市中生活的人的心。它们告诉我们，无论外面的世界多么喧嚣，总有一个地方在等待着我们，那就是我们的家。\n\n## 结语\n\n这张照片不仅仅是一张城市的风景照，它更是一首历史与现代的交响曲，一首关于城市变迁与发展的赞歌。在这张照片中，我们看到了城市的过去、现在和未来，看到了人类对美好生活的追求和向往。\n\n希望这张照片能够带给你一些启示和思考，让我们一起珍惜身边的每一份美好，无论是城市的黄昏，还是生活中的点滴。\n\n---\n\n如果你也被这张照片所打动，欢迎在评论区留言分享你的感受。让我们一起在这座城市中寻找更多的美好瞬间。','在忙碌的生活中，我们常常忽略了身边的美好。今天，我想和大家分享一张我在黄昏时分拍摄的城市照片，让我们一起在这张照片中感受城市的历史与现代的交融。',20,'https://xlzfa.oss-cn-beijing.aliyuncs.com/sangengblog/72ebc303eed54fda8910f581795e1b65.jpeg','1','0',1,'0',14787164048669,'2025-04-23 11:53:26',14787164048669,'2025-04-23 11:53:26',0),(37,'竹林深处：寻找心灵的宁静','# 竹林深处：寻找心灵的宁静\n\n\n![1BC39D7D957A46F09F7F0C2466D1B623.jpeg](https://xlzfa.oss-cn-beijing.aliyuncs.com/sangengblog/ffcc960e6b45471a9e90b65e4170fd1d.jpeg)\n\n## 引言\n\n在快节奏的现代生活中，我们常常渴望找到一片宁静之地，让心灵得以休憩。今天，我想带大家走进一片竹林，探索自然的美丽，寻找内心的平和。\n\n## 竹林的清晨\n\n这张照片拍摄于一个清晨，阳光透过竹叶的缝隙，洒在湿润的地面上，形成斑驳的光影。竹林中的一切都显得那么清新，仿佛连空气都带着一丝甜味。这样的景象，让人不禁放慢脚步，深呼吸，感受大自然的馈赠。\n\n## 自然的和谐\n\n竹林中，每一根竹子都笔直地向上生长，它们紧密地排列在一起，却又各自独立，展现出一种自然的和谐美。这种和谐不仅体现在竹子之间，也体现在竹林与周围环境的关系上。远处隐约可见的传统建筑，与竹林相得益彰，共同构成了一幅美丽的画卷。\n\n## 心灵的洗礼\n\n走进竹林，仿佛进入了一个与世隔绝的世界。这里的宁静让人忘却了外界的喧嚣，心灵得到了彻底的洗礼。在这片竹林中，我们可以放下所有的烦恼，静静地聆听自然的声音，感受生命的美好。\n\n## 探索与发现\n\n竹林中隐藏着许多小径，每一条小径都通向未知的惊喜。或许是一只跳跃的松鼠，或许是一朵盛开的野花，这些小惊喜让探索变得充满乐趣。在探索的过程中，我们不仅发现了自然的美丽，也发现了自己内心的宁静。\n\n## 结语\n\n竹林，这片宁静之地，给了我们一个逃离喧嚣、回归自然的机会。在这里，我们可以找到内心的平和，重新审视自己的生活。希望每个人都能在忙碌的生活中找到属于自己的竹林，让心灵得到真正的休息。\n\n---\n\n如果你也被这片竹林所吸引，欢迎在评论区留言分享你的感受。让我们一起在自然中寻找心灵的宁静。','在快节奏的现代生活中，我们常常渴望找到一片宁静之地，让心灵得以休憩。今天，我想带大家走进一片竹林，探索自然的美丽，寻找内心的平和。',23,'https://xlzfa.oss-cn-beijing.aliyuncs.com/sangengblog/3083d4bf1e0848b5a76bc4ff2440b9a4.jpeg','1','0',1,'0',14787164048669,'2025-04-23 11:55:14',14787164048669,'2025-04-23 11:55:14',0),(38,'迷雾森林之路：一段心灵之旅','# 迷雾森林之路：一段心灵之旅\n\n## 引言\n\n有时候，一条简单的道路也能成为通往内心深处的旅程。今天，我想和大家分享一条被迷雾和森林环绕的道路，它不仅连接着远方，更连接着我们的心灵。\n![BA1419615ACA47B4B315FBC5F23DBEA0.jpeg](https://xlzfa.oss-cn-beijing.aliyuncs.com/sangengblog/22057a54967e4dbe8395c20b5d1b60aa.jpeg)\n## 迷雾中的森林\n\n这张照片展现了一条穿过茂密森林的道路，两旁的大树高耸入云，枝叶繁茂，形成了一道天然的拱门。清晨的迷雾在林间弥漫，给这条道路增添了一丝神秘和宁静。阳光透过树梢，洒在路面上，形成了斑驳的光影，仿佛是大自然的画笔在路面上作画。\n\n## 道路的象征\n\n这条道路不仅仅是一条通往远方的路，它更象征着人生的旅程。在这条路上，我们可能会遇到迷雾和不确定性，但只要我们坚定地走下去，总会找到属于自己的方向。道路两旁的大树，就像我们生活中的支持和鼓励，无论风雨，它们总是在那里。\n\n## 心灵的宁静\n\n在这条道路上漫步，可以让人忘却城市的喧嚣，沉浸在大自然的宁静之中。每一步都伴随着树叶的沙沙声和鸟儿的歌唱，这些自然的声音比任何音乐都更能抚慰人心。在这里，我们可以放慢脚步，深呼吸，让心灵得到真正的休息。\n\n## 探索未知\n\n这条道路的尽头隐藏在迷雾之中，未知的旅程总是充满诱惑。它邀请我们去探索，去发现，去体验生活中的美好。每一步都是一次新的开始，每一个转弯都可能带来惊喜。在这条道路上，我们学会了勇敢和坚持，学会了欣赏旅途中的每一处风景。\n![CAAB1D1ADE7E4BDDA409F498D5F29730.jpeg](https://xlzfa.oss-cn-beijing.aliyuncs.com/sangengblog/f2262822bffb46cb93e15f8b672ce48a.jpeg)\n## 结语\n\n迷雾森林之路，不仅是一段地理上的旅程，更是一段心灵上的探索。它提醒我们，无论生活多么复杂，总有一条道路可以带我们回到内心的平静。希望每个人都能找到属于自己的那条路，让心灵在旅途中得到滋养。\n\n---\n\n如果你也被这条道路所吸引，欢迎在评论区留言分享你的感受。让我们一起在这条迷雾森林之路上，寻找心灵的宁静和力量。','有时候，一条简单的道路也能成为通往内心深处的旅程。今天，我想和大家分享一条被迷雾和森林环绕的道路，它不仅连接着远方，更连接着我们的心灵。',23,'https://xlzfa.oss-cn-beijing.aliyuncs.com/sangengblog/99a2d7946cb043a3934f3465df57bf2f.jpeg','1','0',1,'0',14787164048670,'2025-04-23 12:01:44',14787164048670,'2025-04-23 12:01:44',0),(39,'日落时分：自然之美的沉思','# 日落时分：自然之美的沉思\n\n## 引言\n\n在忙碌的生活中，我们常常忽略了大自然的壮丽景象。今天，我想与大家分享一张日落时分的照片，让我们一同感受那一刻的宁静与美好。\n![D563BD72D9524394A8734C7BB36A5115.jpeg](https://xlzfa.oss-cn-beijing.aliyuncs.com/sangengblog/24783c09255848769e2571e064366544.jpeg)\n## 日落的壮丽\n\n这张照片捕捉了太阳缓缓沉入地平线的瞬间。夕阳的余晖将天空染成了一片温暖的橙红色，而太阳则像一个巨大的火球，悬挂在天际。在夕阳的映照下，周围的云彩也被染上了金色的边缘，显得格外迷人。\n\n## 孤独的树\n\n在这幅画面中，最引人注目的是那棵孤独的树。它矗立在地平线上，枝干伸展，仿佛在向天空伸展，与太阳告别。这棵树虽然没有叶子，但它的轮廓在夕阳的映衬下显得格外清晰，给人一种坚韧和孤独的感觉。\n\n## 自然的启示\n\n日落时分，总是让人感到一种深深的宁静。它提醒我们，无论生活多么忙碌，大自然总有它的节奏和规律。太阳每天都会升起和落下，而我们也应该学会在忙碌中找到平衡，给自己一些时间来欣赏这些美丽的瞬间。\n\n## 心灵的反思\n\n看着这幅日落的景象，我不禁反思自己的生活。我们是否 too often 忙于追求目标，而忘记了停下来欣赏身边的美好？是否 too often 忽视了与家人和朋友共度时光的重要性？日落提醒我们，生活中有许多美好的事物值得我们去珍惜和体验。\n\n## 结语\n\n日落时分，是一天的结束，也是新一天的开始。它提醒我们，无论今天经历了什么，明天总是充满希望。希望这张照片能够带给你一些启示，让你在忙碌的生活中找到宁静，享受每一个日落带来的美好时刻。\n\n---\n\n如果你也被这幅日落的景象所打动，欢迎在评论区留言分享你的感受。让我们一起在自然的美丽中找到心灵的慰藉。','在忙碌的生活中，我们常常忽略了大自然的壮丽景象。今天，我想与大家分享一张日落时分的照片，让我们一同感受那一刻的宁静与美好。',21,'https://xlzfa.oss-cn-beijing.aliyuncs.com/sangengblog/6819ee8ee5cf4cbf9a10eb0d83b0d18f.jpeg','1','0',1,'0',14787164048670,'2025-04-23 12:03:13',14787164048670,'2025-04-23 12:03:13',0),(40,'日落时分的海岸线：自然的宁静与壮丽','# 日落时分的海岸线：自然的宁静与壮丽\n\n## 引言\n\n在忙碌的生活中，我们常常渴望找到一片宁静之地，让心灵得以放松。今天，我要带大家走进一幅宁静而壮丽的画面——日落时分的海岸线。\n\n![FFB55776B880498494D274359C6FB718.jpeg](https://xlzfa.oss-cn-beijing.aliyuncs.com/sangengblog/a28217547ba34ffba8b3d5ad1e617ab6.jpeg)\n\n## 自然的宁静\n\n在这幅画面中，最引人注目的是那份宁静。海浪轻轻拍打着沙滩，发出柔和的声音，仿佛在诉说着大海的故事。没有城市的喧嚣，没有人群的拥挤，只有大自然的声音和节奏。这种宁静让人感到放松，仿佛所有的烦恼都被海浪带走了。\n\n## 壮丽的景色\n\n除了宁静，这幅画面还展现了大自然的壮丽。夕阳的光辉将整个海岸线染成了金色，沙丘的轮廓在夕阳下显得格外清晰。这种壮丽的景色让人感到震撼，让人不得不感叹大自然的鬼斧神工。\n\n## 心灵的触动\n\n在这幅画面中，我感受到了一种心灵的触动。它让我想起了那些在海边度过的日子，那些与家人朋友一起看日落的时光。这些记忆虽然已经过去，但每当看到这样的景色，它们就会重新浮现在脑海中，带来温暖和感动。\n\n## 结语\n\n日落时分的海岸线，是自然的宁静与壮丽的完美结合。它不仅让我们欣赏到了美丽的景色，更让我们的心灵得到了放松和触动。希望每个人都能在忙碌的生活中找到属于自己的那片宁静之地，让心灵得以休息和恢复。\n','在忙碌的生活中，我们常常渴望找到一片宁静之地，让心灵得以放松。今天，我要带大家走进一幅宁静而壮丽的画面——日落时分的海岸线。',19,'https://xlzfa.oss-cn-beijing.aliyuncs.com/sangengblog/3914cab542ec49b7867479c5c2beab18.jpeg','1','0',9,'0',14787164048670,'2025-04-24 11:01:48',14787164048670,'2025-04-24 11:01:48',0),(41,'探索海洋的心脏：海浪的壮丽与神秘','# 探索海洋的心脏：海浪的壮丽与神秘\n\n## 引言\n\n海洋，这个覆盖了地球表面71%的神秘领域，总是以其无尽的魅力吸引着我们。今天，让我们一起探索海洋的心脏——海浪，感受它们的壮丽与神秘。\n\n![AC4D7C0A77914CD7993705D3B43808C0.jpeg](https://xlzfa.oss-cn-beijing.aliyuncs.com/sangengblog/24f52e8d73e8430ba0d72ea117f9493a.jpeg)\n\n## 海浪的壮丽\n\n海浪是海洋中最常见的自然现象之一，它们的壮丽景象总是让人叹为观止。海浪的形成是风和水相互作用的结果，风力越大，海浪也就越高。在这张图片中，我们可以看到海浪的顶部形成了一道道白色的泡沫，这是海浪破碎时产生的，它们在阳光的照射下显得格外耀眼。\n\n## 海浪的神秘\n\n除了壮丽，海浪还充满了神秘。在海浪的底部，由于光线的折射和反射，形成了一种朦胧的效果，让人不禁想要探索海浪之下的世界。海浪的这种神秘感，也激发了无数科学家和探险家对海洋的探索欲望。\n\n## 海浪与生活\n\n海浪不仅在视觉上给我们带来了享受，它们还与我们的生活息息相关。海浪的能量可以被用来发电，为人类提供清洁能源。同时，海浪也是海洋生态系统中的重要组成部分，它们影响着海洋生物的分布和行为。\n\n## 结语\n\n海浪，这个海洋的心脏，以其壮丽的景象和神秘的特质，不断地吸引着我们。它们不仅是自然界的奇观，也是我们生活中不可或缺的一部分。让我们珍惜这片蓝色的海洋，保护好这个充满生机的世界。\n','海洋，这个覆盖了地球表面71%的神秘领域，总是以其无尽的魅力吸引着我们。今天，让我们一起探索海洋的心脏——海浪，感受它们的壮丽与神秘。',19,'https://xlzfa.oss-cn-beijing.aliyuncs.com/sangengblog/0489d8cc242546858cae7c1da93acacf.jpeg','1','0',9,'0',14787164048670,'2025-04-24 11:04:45',14787164048670,'2025-04-24 11:04:45',0),(42,'沙漠的温柔：夕阳下的沙丘','# 沙漠的温柔：夕阳下的沙丘\n\n## 引言\n\n在人们的印象中，沙漠往往是荒凉与严酷的代名词。然而，当夕阳的余晖洒在这片无垠的沙海上，沙漠展现出了它温柔的一面。今天，让我们一起走进这幅夕阳下的沙漠画卷，感受大自然的神奇魅力。\n\n![42B0B9B6D5F54DA1900582B823E8F37B.jpeg](https://xlzfa.oss-cn-beijing.aliyuncs.com/sangengblog/0d520f48eda9422f87a8c222d8257b45.jpeg)\n\n## 沙漠的温柔\n\n沙漠在夕阳的映照下，展现出了它不为人知的温柔。那些平日里看似坚硬的沙丘，在夕阳的抚摸下变得柔和而富有诗意。沙丘的曲线如同大自然的画笔，在沙漠这张巨大的画布上勾勒出优美的线条。这种温柔的美，让人不禁对沙漠有了新的认识。\n\n## 光影的魔法\n\n光影是这幅画面中最为神奇的元素。夕阳的光线在沙丘上跳跃，创造出了丰富的层次感。光线的强弱变化，使得沙丘的轮廓时而清晰，时而模糊，仿佛在进行一场光影的舞蹈。这种光影的魔法，让沙漠的景色变得生动而富有变化。\n\n## 沙漠的生命力\n\n尽管沙漠看似荒凉，但它同样充满了生命力。在这片沙海中，隐藏着无数的生命奇迹。从耐旱的植物到顽强的动物，沙漠生态系统中的每一个成员都在这片看似不毛之地上展现出了惊人的生存能力。这幅夕阳下的沙漠画卷，也让我们对沙漠的生命力有了更深的理解。\n\n## 结语\n\n夕阳下的沙漠，以其温柔的光影和宁静的景色，让我们看到了大自然另一面的美丽。它提醒我们，即使是在最严酷的环境中，大自然也能找到生存和美丽的方式。让我们珍惜这片沙漠，保护这份自然的美丽。\n\n','在人们的印象中，沙漠往往是荒凉与严酷的代名词。然而，当夕阳的余晖洒在这片无垠的沙海上，沙漠展现出了它温柔的一面。今天，让我们一起走进这幅夕阳下的沙漠画卷，感受大自然的神奇魅力。',24,'https://xlzfa.oss-cn-beijing.aliyuncs.com/sangengblog/8c11aa4a37744cac8d9e7cae9aa9f44d.jpeg','1','0',2,'0',1,'2025-04-24 11:08:07',1,'2025-04-24 11:08:07',0),(43,'日出时分的雪山：自然的壮丽与宁静','# 日出时分的雪山：自然的壮丽与宁静\n\n## 引言\n\n在大自然的众多奇观中，雪山总是以其独特的魅力吸引着无数人的目光。今天，让我们一起走进这幅日出时分的雪山画卷，感受自然的壮丽与宁静。\n\n![EC83374C347F47ABBFC1577B7A0DC33A.jpeg](https://xlzfa.oss-cn-beijing.aliyuncs.com/sangengblog/6a98a8e9fe7c4a60a72aa033fe142e1e.jpeg)\n## 自然的壮丽\n\n雪山的壮丽景象总是让人叹为观止。在这幅画面中，雪山的峰顶在阳光的照射下，显得格外耀眼。阳光与雪山的结合，创造出了一种独特的光影效果，使得雪山的轮廓更加清晰，线条更加优美。这种壮丽的美，让人不禁对大自然的鬼斧神工感到敬畏。\n\n## 自然的宁静\n\n除了壮丽，这幅画面还充满了宁静。在日出时分，整个世界仿佛还在沉睡，只有雪山在静静地迎接新的一天。云雾在山间缓缓流动，给人一种宁静而祥和的感觉。这种宁静的美，让人的心灵得到了净化，仿佛所有的烦恼都被这宁静的景象所驱散。\n\n## 雪山的生命力\n\n尽管雪山看似寂静，但它同样充满了生命力。在雪山的深处，隐藏着无数的生命奇迹。从耐寒的植物到顽强的动物，雪山生态系统中的每一个成员都在这片看似荒凉的土地上展现出了惊人的生存能力。这幅日出时分的雪山画卷，也让我们对雪山的生命力有了更深的理解。\n\n## 结语\n\n日出时分的雪山，以其壮丽的景象和宁静的氛围，让我们看到了大自然另一面的美丽。它提醒我们，即使是在最严酷的环境中，大自然也能找到生存和美丽的方式。让我们珍惜这片雪山，保护这份自然的美丽。\n','在大自然的众多奇观中，雪山总是以其独特的魅力吸引着无数人的目光。今天，让我们一起走进这幅日出时分的雪山画卷，感受自然的壮丽与宁静。\n',18,'https://xlzfa.oss-cn-beijing.aliyuncs.com/sangengblog/eb0cb65986b047caba8efa8734bddc28.jpeg','1','0',0,'0',14787164048670,'2025-04-24 11:14:36',14787164048670,'2025-04-24 11:14:36',0),(44,'夜空下的山峦：星轨与云雾的交响曲','# 夜空下的山峦：星轨与云雾的交响曲\n\n## 引言\n\n在浩瀚的宇宙中，我们所在的星球只是一颗小小的尘埃。然而，正是这颗尘埃上的山川河流、日月星辰，构成了我们丰富多彩的世界。今天，让我们一起探索这幅夜空下的山峦图景，感受星轨与云雾的交响曲。\n\n![37CBE87FF2B9418E9DBA8143B7C08326.jpeg](https://xlzfa.oss-cn-beijing.aliyuncs.com/sangengblog/5eb5a7ef8127496dbf35ec28e9b9da85.jpeg)\n\n## 星轨的魅力\n\n星轨是长时间曝光摄影的杰作，它们记录了星星在夜空中移动的轨迹。在这幅画面中，星轨从画面的一端延伸到另一端，形成了一种动态的美感。这些星轨不仅展示了星星的运动，也让我们感受到了宇宙的浩瀚和时间的流逝。\n\n## 云雾的神秘\n\n云雾在这幅画面中扮演了重要的角色。它们在山峦之间流动，使得山的轮廓变得柔和而神秘。云雾的白色与夜空的深蓝色形成了鲜明的对比，使得整个画面更加立体和生动。云雾的流动也给人一种宁静的感觉，仿佛是大自然的呼吸。\n\n## 山峦的宁静\n\n山峦在这幅画面中显得格外宁静。它们静静地矗立在云雾之中，仿佛是守护这片夜空的巨人。山峦的黑色剪影与明亮的星轨和云雾形成了对比，使得整个画面更加和谐。山峦的宁静也让人的心灵得到了平静，仿佛所有的烦恼都被这片宁静的夜空所吸收。\n\n## 结语\n\n夜空下的山峦，星轨与云雾的交响曲，让我们感受到了大自然的壮丽与宁静。这幅画面不仅展示了大自然的美丽，也让我们对宇宙的奥秘充满了好奇。让我们珍惜这片夜空，保护这份自然的美丽，同时也保持对未知世界的探索精神。\n','在浩瀚的宇宙中，我们所在的星球只是一颗小小的尘埃。然而，正是这颗尘埃上的山川河流、日月星辰，构成了我们丰富多彩的世界。今天，让我们一起探索这幅夜空下的山峦图景，感受星轨与云雾的交响曲。',32,'https://xlzfa.oss-cn-beijing.aliyuncs.com/sangengblog/1c1197df780443d79a3708549604c530.jpeg','1','0',21,'0',14787164048670,'2025-04-24 11:20:31',14787164048670,'2025-04-24 11:20:31',0),(45,'晨雾中的山谷：自然的宁静与神秘','# 晨雾中的山谷：自然的宁静与神秘\n\n## 引言\n\n在大自然的画卷中，有些景色总能以其独特的魅力深深吸引我们。今天，让我们一起走进这幅晨雾中的山谷图景，感受自然的宁静与神秘。\n\n![16CEEA9234694909AC10AECA693042DA.jpeg](https://xlzfa.oss-cn-beijing.aliyuncs.com/sangengblog/2233297a68864ff482f59f403f627533.jpeg)\n\n## 自然的宁静\n\n清晨的山谷，是大自然最宁静的时刻之一。在这幅画面中，没有城市的喧嚣，没有人群的嘈杂，只有大自然的呼吸声。雾气在山谷中缓缓流动，带来一种平和与宁静的感觉。这种宁静让人的心灵得到了净化，仿佛所有的烦恼都被这片宁静的山谷所吸收。\n\n## 自然的神秘\n\n雾气在这幅画面中扮演了重要的角色。它们在山谷中流动，使得远处的山峰变得朦胧而神秘。这种神秘感让人不禁想要探索这片山谷，揭开它的面纱。雾气的存在也让人感受到了大自然的变幻莫测，仿佛在告诉我们，自然界总有未知的美好等待我们去发现。\n\n## 山谷的生命力\n\n尽管山谷在清晨时分显得格外宁静，但它同样充满了生命力。在这片山谷中，隐藏着无数的生命奇迹。从坚韧的树木到活泼的动物，山谷生态系统中的每一个成员都在这片土地上展现出了惊人的生存能力。这幅晨雾中的山谷画卷，也让我们对山谷的生命力有了更深的理解。\n\n## 结语\n\n晨雾中的山谷，以其宁静的景象和神秘的氛围，让我们感受到了大自然的独特魅力。这幅画面不仅展示了大自然的美丽，也让我们对自然界的奥秘充满了好奇。让我们珍惜这片山谷，保护这份自然的美丽，同时也保持对未知世界的探索精神。\n\n','在大自然的画卷中，有些景色总能以其独特的魅力深深吸引我们。今天，让我们一起走进这幅晨雾中的山谷图景，感受自然的宁静与神秘。',28,'https://xlzfa.oss-cn-beijing.aliyuncs.com/sangengblog/f66cf4d2778a4d7fafc695569bfc07f6.jpeg','1','0',7,'0',14787164048670,'2025-04-24 11:22:46',14787164048670,'2025-04-24 11:22:46',0),(46,'晨雾中的风力发电场：自然与科技的和谐共存','# 晨雾中的风力发电场：自然与科技的和谐共存\n\n## 引言\n\n在这个快节奏的时代，我们常常忽视了身边的美好。然而，有时候，一幅简单的画面就能让我们停下脚步，重新审视这个世界。今天，我想和大家分享一张我最近拍摄的照片，它展现了自然与科技的和谐共存，让人不禁感叹大自然的神奇和人类智慧的结晶。\n\n![001D2804F2944F5DB97D9972E8302432.jpeg](https://xlzfa.oss-cn-beijing.aliyuncs.com/sangengblog/6edab0c90aad4e2ba3bb1f9eb6352f15.jpeg)\n\n风力发电机的叶片在微风中缓缓转动，仿佛在与周围的自然景观进行着一场无声的对话。晨雾在山丘间流动，时而浓密，时而稀薄，为整个画面增添了一种梦幻般的氛围。\n\n## 自然与科技的和谐\n\n这张照片最吸引我的地方，在于它完美地展现了自然与科技的和谐共存。风力发电机作为现代科技的产物，它们的出现并没有破坏周围的自然环境，反而与周围的山丘、树木和雾气融为一体，形成了一幅美丽的画卷。\n\n这种和谐共存的背后，是人们对可持续发展的追求。风力发电作为一种清洁能源，不仅减少了对化石燃料的依赖，还减少了温室气体的排放，对保护环境起到了积极的作用。\n\n## 反思与展望\n\n这张照片让我思考了很多。在追求科技进步的同时，我们是否也应该更多地考虑如何与自然和谐共处？如何在发展经济的同时，保护好我们的地球家园？\n\n未来，我希望看到更多的科技项目能够像这个风力发电场一样，不仅高效、环保，还能与周围的自然环境相得益彰。让我们共同努力，创造一个更加美好的未来。\n\n## 结语\n\n这张照片虽然简单，但它所传达的信息却是深远的。它提醒我们，科技与自然并不是对立的，而是可以相互融合、相互促进的。让我们从这张照片中汲取灵感，为建设一个更加和谐、可持续的世界而努力。\n\n','在这个快节奏的时代，我们常常忽视了身边的美好。然而，有时候，一幅简单的画面就能让我们停下脚步，重新审视这个世界。今天，我想和大家分享一张我最近拍摄的照片，它展现了自然与科技的和谐共存，让人不禁感叹大自然的神奇和人类智慧的结晶。',21,'https://xlzfa.oss-cn-beijing.aliyuncs.com/sangengblog/fb9092af2bc142f389c9f1072623314d.jpeg','1','0',0,'0',14787164048670,'2025-04-24 11:24:46',14787164048670,'2025-04-24 11:24:46',0),(47,'冬日湖岛：大自然的静谧之美','# 冬日湖岛：大自然的静谧之美\n\n## 引言\n\n在寒冷的冬季，大自然展现出了一种与众不同的美。今天，我想和大家分享一张我最近拍摄的照片，它捕捉到了一个冬日湖岛的静谧之美。这张照片不仅展示了冬季的宁静，还让我们感受到了大自然的壮丽与和谐。\n\n![D5B6E569A4314667BED6CBE5305F2B69.jpeg](https://xlzfa.oss-cn-beijing.aliyuncs.com/sangengblog/2244e6d2f76f4d168c8e935dd304f31f.jpeg)\n## 大自然的静谧之美\n\n这张照片最吸引我的地方，在于它完美地展现了大自然的静谧之美。在冬季，大自然似乎进入了一种休眠状态，一切都变得安静而平和。这种静谧不仅让人感到放松，还让人有机会去思考和感悟。\n\n在这个快节奏的时代，我们常常被各种琐事和压力所困扰。然而，当我们面对这样的自然景观时，我们的心灵似乎得到了净化。这种静谧的美让我们意识到，有时候，我们需要放慢脚步，去欣赏和感受周围的世界。\n\n## 反思与展望\n\n这张照片让我思考了很多。在追求科技进步和经济发展的同时，我们是否也应该更多地关注和保护我们的自然环境？如何在发展的同时，保持与自然的和谐共处？\n\n未来，我希望看到更多的人能够意识到保护环境的重要性，并采取实际行动来保护我们的地球家园。让我们共同努力，创造一个更加美好、可持续的未来。\n\n## 结语\n\n这张照片虽然简单，但它所传达的信息却是深远的。它提醒我们，大自然的美是无处不在的，我们需要用心去感受和欣赏。让我们从这张照片中汲取灵感，为保护环境、推动可持续发展做出自己的贡献。\n','在寒冷的冬季，大自然展现出了一种与众不同的美。今天，我想和大家分享一张我最近拍摄的照片，它捕捉到了一个冬日湖岛的静谧之美。这张照片不仅展示了冬季的宁静，还让我们感受到了大自然的壮丽与和谐。',29,'https://xlzfa.oss-cn-beijing.aliyuncs.com/sangengblog/f62697ce414d471b9dd8d506b5275d63.jpeg','1','0',0,'0',14787164048670,'2025-04-24 11:25:58',14787164048670,'2025-04-24 11:25:58',0),(48,'城市夜景：桥梁与高楼的交响曲','# 城市夜景：桥梁与高楼的交响曲\n\n## 引言\n\n每当夜幕降临，城市便展现出它独特的魅力。灯光闪烁，车流不息，高楼大厦与桥梁在夜色中交相辉映，构成了一幅动人的画卷。今天，我想和大家分享一张我最近拍摄的城市夜景照片，它捕捉到了桥梁与高楼的壮丽景象。\n![8BCF71BE7B7B4DDDBFD37252749A6830.jpeg](https://xlzfa.oss-cn-beijing.aliyuncs.com/sangengblog/67cc15727643489a8050f2e9a1ff0bbf.jpeg)\n\n## 城市夜景的魅力\n\n这张照片最吸引我的地方，在于它完美地展现了城市夜景的魅力。在夜晚，城市仿佛被赋予了新的生命。高楼大厦和桥梁的灯光不仅照亮了城市的每一个角落，还为城市增添了一种独特的美感。\n\n这种美感不仅仅是视觉上的享受，更是一种情感上的共鸣。每当看到这样的夜景，我总会感到一种莫名的激动和自豪。这是我们生活的城市，这是我们共同的家园。\n\n## 反思与展望\n\n这张照片让我思考了很多。在享受城市夜景带来的美感的同时，我们是否也应该更多地关注城市的可持续发展？如何在城市化进程中，保持与自然的和谐共处？\n\n未来，我希望看到更多的城市能够实现绿色发展，让城市的夜晚不仅美丽，而且环保。让我们共同努力，创造一个更加美好、可持续的城市环境。\n\n## 结语\n\n这张照片虽然简单，但它所传达的信息却是深远的。它提醒我们，城市夜景的美丽是值得我们珍惜和保护的。让我们从这张照片中汲取灵感，为创造一个更加美好的城市环境而努力。\n\n','每当夜幕降临，城市便展现出它独特的魅力。灯光闪烁，车流不息，高楼大厦与桥梁在夜色中交相辉映，构成了一幅动人的画卷。今天，我想和大家分享一张我最近拍摄的城市夜景照片，它捕捉到了桥梁与高楼的壮丽景象。',20,'https://xlzfa.oss-cn-beijing.aliyuncs.com/sangengblog/a5b8b44860224077b79c96badb7307a4.jpeg','1','0',14,'0',14787164048670,'2025-04-24 11:27:18',14787164048670,'2025-04-24 11:27:18',0),(49,'冬日仙境：雪山与森林的交响诗','# 冬日仙境：雪山与森林的交响诗\n\n## 引言\n\n冬季，大自然披上了一层洁白的外衣，将世界变成了一个纯净的仙境。今天，我想和大家分享一张我最近拍摄的照片，它捕捉到了雪山与森林在冬日阳光下的壮丽景象。\n\n![2C6F6A2F4D404091A1EC7058BB843581.jpeg](https://xlzfa.oss-cn-beijing.aliyuncs.com/sangengblog/9422b5d540c84f108b6bab20118591e1.jpeg)\n\n## 冬日仙境的魅力\n\n这张照片最吸引我的地方，在于它完美地展现了冬日仙境的魅力。在冬季，大自然仿佛被施了魔法，一切都变得如此纯净和宁静。这种纯净不仅让人感到放松，还让人有机会去思考和感悟。\n\n在这个快节奏的时代，我们常常被各种琐事和压力所困扰。然而，当我们面对这样的自然景观时，我们的心灵似乎得到了净化。这种宁静的美让我们意识到，有时候，我们需要放慢脚步，去欣赏和感受周围的世界。\n\n## 反思与展望\n\n这张照片让我思考了很多。在享受冬日仙境带来的美感的同时，我们是否也应该更多地关注环境的保护？如何在发展的同时，保持与自然的和谐共处？\n\n未来，我希望看到更多的人能够意识到保护环境的重要性，并采取实际行动来保护我们的地球家园。让我们共同努力，创造一个更加美好、可持续的未来。\n\n## 结语\n\n这张照片虽然简单，但它所传达的信息却是深远的。它提醒我们，冬日仙境的美丽是值得我们珍惜和保护的。让我们从这张照片中汲取灵感，为保护环境、推动可持续发展做出自己的贡献。\n\n','冬季，大自然披上了一层洁白的外衣，将世界变成了一个纯净的仙境。今天，我想和大家分享一张我最近拍摄的照片，它捕捉到了雪山与森林在冬日阳光下的壮丽景象。',22,'https://xlzfa.oss-cn-beijing.aliyuncs.com/sangengblog/5b4f68ec497c46bab9ba0586c0e4b629.jpeg','1','0',0,'0',14787164048671,'2025-04-24 11:29:56',14787164048671,'2025-04-24 11:29:56',0),(50,'冬日黄昏：雪地与天空的静谧对话','# 冬日黄昏：雪地与天空的静谧对话\n\n## 引言\n\n在冬日的黄昏，大自然展现出一种独特的宁静与美丽。今天，我想和大家分享一张我最近拍摄的照片，它捕捉到了雪地与天空在黄昏时分的静谧对话。\n\n![05522DF69C0E45318FF2B4A97B363820.jpeg](https://xlzfa.oss-cn-beijing.aliyuncs.com/sangengblog/735d8facfef846a697baeae006f03c11.jpeg)\n## 冬日黄昏的魅力\n\n这张照片最吸引我的地方，在于它完美地展现了冬日黄昏的魅力。在这个季节，大自然似乎进入了一种休眠状态，一切都变得安静而平和。这种静谧不仅让人感到放松，还让人有机会去思考和感悟。\n\n在这个快节奏的时代，我们常常被各种琐事和压力所困扰。然而，当我们面对这样的自然景观时，我们的心灵似乎得到了净化。这种宁静的美让我们意识到，有时候，我们需要放慢脚步，去欣赏和感受周围的世界。\n\n## 反思与展望\n\n这张照片让我思考了很多。在享受冬日黄昏带来的美感的同时，我们是否也应该更多地关注环境的保护？如何在发展的同时，保持与自然的和谐共处？\n\n未来，我希望看到更多的人能够意识到保护环境的重要性，并采取实际行动来保护我们的地球家园。让我们共同努力，创造一个更加美好、可持续的未来。\n\n## 结语\n\n这张照片虽然简单，但它所传达的信息却是深远的。它提醒我们，冬日黄昏的美丽是值得我们珍惜和保护的。让我们从这张照片中汲取灵感，为保护环境、推动可持续发展做出自己的贡献。\n','在冬日的黄昏，大自然展现出一种独特的宁静与美丽。今天，我想和大家分享一张我最近拍摄的照片，它捕捉到了雪地与天空在黄昏时分的静谧对话。',22,'https://xlzfa.oss-cn-beijing.aliyuncs.com/sangengblog/7513240a72294600ac05090702e5bf3f.jpeg','1','0',0,'0',14787164048671,'2025-04-24 11:30:59',14787164048671,'2025-04-24 11:30:59',0),(51,'瀑布与雾：大自然的神秘面纱','# 瀑布与雾：大自然的神秘面纱\n\n## 引言\n\n在大自然的众多奇观中，瀑布以其独特的魅力吸引着无数探险者和摄影师。今天，我想和大家分享一张我最近拍摄的照片，它捕捉到了瀑布与雾气交织的神秘景象。\n\n![81A9EF0E4F6443F2A88F3988542A3772.jpeg](https://xlzfa.oss-cn-beijing.aliyuncs.com/sangengblog/48813d9d4fe74690af7ed1c818abfed4.jpeg)\n\n## 大自然的神秘之美\n\n这张照片最吸引我的地方，在于它完美地展现了大自然的神秘之美。瀑布的力量与雾气的柔和形成了鲜明的对比，却又和谐地融合在一起，构成了一幅动人的画面。\n\n这种神秘之美不仅仅是视觉上的享受，更是一种心灵上的触动。它让我们意识到，大自然中还有许多未知的奥秘等待我们去探索和发现。\n\n## 反思与展望\n\n这张照片让我思考了很多。在探索大自然的奥秘的同时，我们是否也应该更多地关注环境的保护？如何在探索与保护之间找到平衡？\n\n未来，我希望看到更多的人能够意识到保护环境的重要性，并采取实际行动来保护我们的地球家园。让我们共同努力，创造一个更加美好、可持续的未来。\n\n## 结语\n\n这张照片虽然简单，但它所传达的信息却是深远的。它提醒我们，大自然的美丽是值得我们珍惜和保护的。让我们从这张照片中汲取灵感，为保护环境、推动可持续发展做出自己的贡献。\n','在大自然的众多奇观中，瀑布以其独特的魅力吸引着无数探险者和摄影师。今天，我想和大家分享一张我最近拍摄的照片，它捕捉到了瀑布与雾气交织的神秘景象。',27,'https://xlzfa.oss-cn-beijing.aliyuncs.com/sangengblog/ee67c02fbb1342ddb4cbf47b304c24f3.jpeg','1','0',0,'0',14787164048671,'2025-04-24 11:32:21',14787164048671,'2025-04-24 11:32:21',0),(52,'迷雾森林：自然的神秘面纱','# 迷雾森林：自然的神秘面纱\n\n## 引言\n\n在大自然的众多奇观中，迷雾森林以其独特的魅力吸引着无数探险者和摄影师。今天，我想和大家分享一张我最近拍摄的照片，它捕捉到了迷雾森林中树木与雾气交织的神秘景象。\n\n![E2554EEB9B034A72B8CB962B4577A6D5.jpeg](https://xlzfa.oss-cn-beijing.aliyuncs.com/sangengblog/7e5c49e42999499f931d2b877182399d.jpeg)\n\n## 迷雾森林的魅力\n\n这张照片最吸引我的地方，在于它完美地展现了迷雾森林的魅力。在这个季节，大自然似乎进入了一种休眠状态，一切都变得安静而平和。这种静谧不仅让人感到放松，还让人有机会去思考和感悟。\n\n在这个快节奏的时代，我们常常被各种琐事和压力所困扰。然而，当我们面对这样的自然景观时，我们的心灵似乎得到了净化。这种宁静的美让我们意识到，有时候，我们需要放慢脚步，去欣赏和感受周围的世界。\n\n## 反思与展望\n\n这张照片让我思考了很多。在享受迷雾森林带来的美感的同时，我们是否也应该更多地关注环境的保护？如何在发展的同时，保持与自然的和谐共处？\n\n未来，我希望看到更多的人能够意识到保护环境的重要性，并采取实际行动来保护我们的地球家园。让我们共同努力，创造一个更加美好、可持续的未来。\n\n## 结语\n\n这张照片虽然简单，但它所传达的信息却是深远的。它提醒我们，迷雾森林的美丽是值得我们珍惜和保护的。让我们从这张照片中汲取灵感，为保护环境、推动可持续发展做出自己的贡献。\n\n','在大自然的众多奇观中，迷雾森林以其独特的魅力吸引着无数探险者和摄影师。今天，我想和大家分享一张我最近拍摄的照片，它捕捉到了迷雾森林中树木与雾气交织的神秘景象。',23,'https://xlzfa.oss-cn-beijing.aliyuncs.com/sangengblog/90cfedf8d62345f19b7653ef4149157f.jpeg','1','0',0,'0',14787164048672,'2025-04-24 11:37:06',14787164048672,'2025-04-24 11:37:06',0),(53,'夜空下的奇迹：沙漠中的火舞与星河','# 夜空下的奇迹：沙漠中的火舞与星河\n\n## 引言\n\n在远离城市光污染的沙漠中，夜空呈现出一种难以言喻的美丽。今天，我想和大家分享一张我最近拍摄的照片，它捕捉到了沙漠中一处自然奇观与人类活动交织的壮丽景象。\n\n![A9C8EC522BB343938A76B3F78BA3088D.jpeg](https://xlzfa.oss-cn-beijing.aliyuncs.com/sangengblog/3c371bfaf35b4804aa71e77c96b87c2e.jpeg)\n\n## 夜空下的奇迹\n\n这张照片最吸引我的地方，在于它完美地展现了夜空下的奇迹。在这片远离尘嚣的沙漠中，人类与自然共同创造出了一种独特的美。火花的短暂与星辰的永恒形成了鲜明的对比，让人不禁思考生命的意义和宇宙的浩瀚。\n\n这种美不仅仅是视觉上的享受，更是一种心灵上的触动。它让我们意识到，即使在最荒凉的地方，也能发现生命的热情和宇宙的奇迹。\n\n## 反思与展望\n\n这张照片让我思考了很多。在探索大自然的奥秘的同时，我们是否也应该更多地关注环境的保护？如何在探索与保护之间找到平衡？\n\n未来，我希望看到更多的人能够意识到保护环境的重要性，并采取实际行动来保护我们的地球家园。让我们共同努力，创造一个更加美好、可持续的未来。\n\n## 结语\n\n这张照片虽然简单，但它所传达的信息却是深远的。它提醒我们，夜空下的奇迹是值得我们珍惜和保护的。让我们从这张照片中汲取灵感，为保护环境、推动可持续发展做出自己的贡献。\n','在远离城市光污染的沙漠中，夜空呈现出一种难以言喻的美丽。今天，我想和大家分享一张我最近拍摄的照片，它捕捉到了沙漠中一处自然奇观与人类活动交织的壮丽景象。',32,'https://xlzfa.oss-cn-beijing.aliyuncs.com/sangengblog/031f38b8175a4a65abf27b3d3f82f9af.jpeg','1','0',13,'0',14787164048672,'2025-04-24 11:38:11',14787164048672,'2025-04-24 11:38:11',0),(54,'夜空的舞者：流星划过天际的瞬间','# 夜空的舞者：流星划过天际的瞬间\n\n## 引言\n\n在浩瀚的宇宙中，流星是夜空中最短暂的舞者，它们以一道道明亮的轨迹划过天际，给人们带来瞬间的惊喜和无限的遐想。今天，我想和大家分享一张我最近拍摄的照片，它捕捉到了流星划过星空的壮丽瞬间。\n\n![C4AD30BF49BC4B7DAA8C2F06B0ADB017.jpeg](https://xlzfa.oss-cn-beijing.aliyuncs.com/sangengblog/d43661051827497b9cca7a6b2b3ec9e3.jpeg)\n\n## 流星的魅力\n\n这张照片最吸引我的地方，在于它完美地展现了流星的魅力。流星的出现总是那么突然，它们的轨迹虽然短暂，却充满了力量和美丽。这种瞬间的辉煌让人不禁思考生命的短暂和宇宙的浩瀚。\n\n在这个快节奏的时代，我们常常被各种琐事和压力所困扰。然而，当我们面对这样的自然景观时，我们的心灵似乎得到了净化。这种宁静的美让我们意识到，有时候，我们需要放慢脚步，去欣赏和感受周围的世界。\n\n## 反思与展望\n\n这张照片让我思考了很多。在享受流星带来的美感的同时，我们是否也应该更多地关注环境的保护？如何在发展的同时，保持与自然的和谐共处？\n\n未来，我希望看到更多的人能够意识到保护环境的重要性，并采取实际行动来保护我们的地球家园。让我们共同努力，创造一个更加美好、可持续的未来。\n\n## 结语\n\n这张照片虽然简单，但它所传达的信息却是深远的。它提醒我们，流星的美丽是值得我们珍惜和保护的。让我们从这张照片中汲取灵感，为保护环境、推动可持续发展做出自己的贡献。\n','在浩瀚的宇宙中，流星是夜空中最短暂的舞者，它们以一道道明亮的轨迹划过天际，给人们带来瞬间的惊喜和无限的遐想。今天，我想和大家分享一张我最近拍摄的照片，它捕捉到了流星划过星空的壮丽瞬间。',32,'https://xlzfa.oss-cn-beijing.aliyuncs.com/sangengblog/baef0af86ef5479297a43f1ef5e379b8.jpeg','1','0',17,'0',14787164048672,'2025-04-24 11:39:16',14787164048672,'2025-04-24 11:39:16',0);
/*!40000 ALTER TABLE `sg_article` ENABLE KEYS */;
UNLOCK TABLES;

--
-- Table structure for table `sg_article_tag`
--

DROP TABLE IF EXISTS `sg_article_tag`;
/*!40101 SET @saved_cs_client     = @@character_set_client */;
/*!50503 SET character_set_client = utf8mb4 */;
CREATE TABLE `sg_article_tag` (
  `article_id` bigint NOT NULL COMMENT '文章id',
  `tag_id` bigint NOT NULL DEFAULT '0' COMMENT '标签id',
  PRIMARY KEY (`article_id`,`tag_id`)
) ENGINE=InnoDB DEFAULT CHARSET=utf8mb4 COLLATE=utf8mb4_0900_ai_ci COMMENT='文章标签关联表';
/*!40101 SET character_set_client = @saved_cs_client */;

--
-- Dumping data for table `sg_article_tag`
--

LOCK TABLES `sg_article_tag` WRITE;
/*!40000 ALTER TABLE `sg_article_tag` DISABLE KEYS */;
INSERT INTO `sg_article_tag` VALUES (13,1),(13,11),(14,1),(14,11),(20,1),(20,11),(28,17),(28,18),(28,19),(28,20),(29,17),(29,18),(29,20),(30,16),(30,23),(35,17),(36,16),(36,17),(37,18),(37,20),(38,12),(38,17),(38,18),(38,21),(39,20),(40,20),(41,18),(41,20),(42,20),(43,17),(43,20),(43,22),(44,16),(44,17),(44,18),(44,20),(44,21),(45,17),(45,20),(46,17),(47,17),(47,20),(47,21),(47,23),(48,23),(49,17),(49,18),(49,20),(49,21),(50,17),(50,18),(50,20),(50,21),(51,17),(51,18),(51,20),(51,21),(52,17),(53,17),(54,16),(54,17),(54,18),(54,20),(54,21);
/*!40000 ALTER TABLE `sg_article_tag` ENABLE KEYS */;
UNLOCK TABLES;

--
-- Table structure for table `sg_category`
--

DROP TABLE IF EXISTS `sg_category`;
/*!40101 SET @saved_cs_client     = @@character_set_client */;
/*!50503 SET character_set_client = utf8mb4 */;
CREATE TABLE `sg_category` (
  `id` bigint NOT NULL AUTO_INCREMENT,
  `name` varchar(128) DEFAULT NULL COMMENT '分类名',
  `pid` bigint DEFAULT '-1' COMMENT '父分类id，如果没有父分类为-1',
  `description` varchar(512) DEFAULT NULL COMMENT '描述',
  `status` char(1) DEFAULT '0' COMMENT '状态0:正常,1禁用',
  `create_by` bigint DEFAULT NULL,
  `create_time` datetime DEFAULT NULL,
  `update_by` bigint DEFAULT NULL,
  `update_time` datetime DEFAULT NULL,
  `del_flag` int DEFAULT '0' COMMENT '删除标志（0代表未删除，1代表已删除）',
  PRIMARY KEY (`id`)
) ENGINE=InnoDB AUTO_INCREMENT=33 DEFAULT CHARSET=utf8mb4 COLLATE=utf8mb4_0900_ai_ci COMMENT='分类表';
/*!40101 SET character_set_client = @saved_cs_client */;

--
-- Dumping data for table `sg_category`
--

LOCK TABLES `sg_category` WRITE;
/*!40000 ALTER TABLE `sg_category` DISABLE KEYS */;
INSERT INTO `sg_category` VALUES (18,'山峰',-1,NULL,'0',1,'2025-04-11 14:10:04',1,'2025-04-11 14:10:04',0),(19,'大海',-1,NULL,'0',1,'2025-04-11 14:10:11',1,'2025-04-11 14:10:11',0),(20,'城市',-1,NULL,'0',1,'2025-04-11 14:10:16',1,'2025-04-11 14:10:16',0),(21,'天空',-1,NULL,'0',1,'2025-04-11 14:10:23',1,'2025-04-11 14:10:23',0),(22,'冰雪',-1,NULL,'0',1,'2025-04-11 14:10:28',1,'2025-04-11 14:10:28',0),(23,'森林',-1,NULL,'0',1,'2025-04-11 14:10:33',1,'2025-04-11 14:10:33',0),(24,'沙漠',-1,NULL,'0',1,'2025-04-11 14:10:38',1,'2025-04-11 14:10:38',0),(25,'湖泊',-1,NULL,'0',1,'2025-04-11 14:10:44',NULL,'2025-04-18 19:11:11',1),(26,'河流',-1,NULL,'0',1,'2025-04-11 14:10:50',NULL,'2025-04-18 19:11:08',1),(27,'瀑布',-1,NULL,'0',1,'2025-04-11 14:11:00',1,'2025-04-11 14:11:00',0),(28,'峡谷',-1,NULL,'0',1,'2025-04-11 14:11:06',1,'2025-04-11 14:11:06',0),(29,'岛屿',-1,NULL,'0',1,'2025-04-11 14:11:11',1,'2025-04-11 14:11:11',0),(30,'温泉',-1,NULL,'0',1,'2025-04-11 14:11:17',NULL,'2025-04-24 11:26:28',1),(31,'其他',-1,NULL,'0',1,'2025-04-11 14:11:24',1,'2025-04-11 14:11:24',0),(32,'星空',-1,NULL,'0',1,'2025-04-18 19:43:52',1,'2025-04-18 19:43:52',0);
/*!40000 ALTER TABLE `sg_category` ENABLE KEYS */;
UNLOCK TABLES;

--
-- Table structure for table `sg_comment`
--

DROP TABLE IF EXISTS `sg_comment`;
/*!40101 SET @saved_cs_client     = @@character_set_client */;
/*!50503 SET character_set_client = utf8mb4 */;
CREATE TABLE `sg_comment` (
  `id` bigint NOT NULL AUTO_INCREMENT,
  `type` char(1) DEFAULT '0' COMMENT '评论类型（0代表文章评论，1代表友链评论）',
  `article_id` bigint DEFAULT NULL COMMENT '文章id',
  `question_id` bigint DEFAULT NULL,
  `root_id` bigint DEFAULT '-1' COMMENT '根评论id',
  `content` varchar(512) DEFAULT NULL COMMENT '评论内容',
  `to_comment_user_id` bigint DEFAULT '-1' COMMENT '所回复的目标评论的userid',
  `to_comment_id` bigint DEFAULT '-1' COMMENT '回复目标评论id',
  `create_by` bigint DEFAULT NULL,
  `create_time` datetime DEFAULT NULL,
  `update_by` bigint DEFAULT NULL,
  `update_time` datetime DEFAULT NULL,
  `del_flag` int DEFAULT '0' COMMENT '删除标志（0代表未删除，1代表已删除）',
  PRIMARY KEY (`id`)
) ENGINE=InnoDB AUTO_INCREMENT=1770369290726305804 DEFAULT CHARSET=utf8mb4 COLLATE=utf8mb4_0900_ai_ci COMMENT='评论表';
/*!40101 SET character_set_client = @saved_cs_client */;

--
-- Dumping data for table `sg_comment`
--

LOCK TABLES `sg_comment` WRITE;
/*!40000 ALTER TABLE `sg_comment` DISABLE KEYS */;
INSERT INTO `sg_comment` VALUES (1770003380575178754,'0',1,NULL,-1,'[微笑][微笑]',-1,-1,1724636146098622465,'2024-03-19 16:24:26',NULL,'2024-03-19 16:24:26',0),(1770024027032432641,'0',1,NULL,1770003380575178754,'[嘻嘻][嘻嘻]',1724636146098622465,1770003380575178754,1721416963205115905,'2024-03-19 17:46:28',NULL,'2024-03-19 17:46:28',0),(1770024027032432642,'0',1,NULL,1770003380575178754,'[嘻嘻][嘻嘻]',1724636146098622465,1770003380575178754,1721416963205115905,'2024-03-19 17:46:28',NULL,'2024-03-19 17:46:28',0),(1770024027032432643,'0',1,NULL,1770003380575178754,'[嘻嘻][嘻嘻]',1724636146098622465,1770003380575178754,1721416963205115905,'2024-03-19 17:46:28',NULL,'2024-03-19 17:46:28',0),(1770024138751913986,'0',1,NULL,1770003380575178754,'[哈哈]',1721416963205115905,1770024027032432643,1721416963205115905,'2024-03-19 17:46:55',NULL,'2024-03-19 17:46:55',0),(1770024443635871745,'0',1,NULL,-1,'梵蒂冈的',-1,-1,1721416963205115905,'2024-03-19 17:48:07',NULL,'2024-03-19 17:48:07',0),(1770024451114315778,'0',1,NULL,-1,'电饭锅电饭锅',-1,-1,1721416963205115905,'2024-03-19 17:48:09',NULL,'2024-03-19 17:48:09',0),(1770024459016384513,'0',1,NULL,-1,'梵蒂冈电饭锅',-1,-1,1721416963205115905,'2024-03-19 17:48:11',NULL,'2024-03-19 17:48:11',0),(1770024467069448194,'0',1,NULL,-1,'鬼地方个地方官',-1,-1,1721416963205115905,'2024-03-19 17:48:13',NULL,'2024-03-19 17:48:13',0),(1770024475697131522,'0',1,NULL,-1,'刮大风刮大风',-1,-1,1721416963205115905,'2024-03-19 17:48:15',NULL,'2024-03-19 17:48:15',0),(1770024506223276033,'0',1,NULL,-1,'个地方官的观点',-1,-1,1721416963205115905,'2024-03-19 17:48:22',NULL,'2024-03-19 17:48:22',0),(1770332633625104385,'1',NULL,1,-1,'[嘻嘻][嘻嘻]',-1,-1,1721416963205115905,'2024-03-20 14:12:46',NULL,'2024-03-20 14:12:46',0),(1770334303675277313,'0',2,NULL,-1,'[衰][衰][衰]',-1,-1,1721416963205115905,'2024-03-20 14:19:24',NULL,'2024-03-20 14:19:24',0),(1770334471850090497,'0',2,NULL,1770334303675277313,'你好',1721416963205115905,1770334303675277313,1721416963205115905,'2024-03-20 14:20:04',NULL,'2024-03-20 14:20:04',0),(1770361442906677249,'1',3,NULL,-1,'[微笑][微笑]',-1,-1,1721416963205115905,'2024-03-20 16:07:14',NULL,'2024-03-20 16:07:14',0),(1770361509839380481,'1',1,NULL,1770332633625104385,'[嘻嘻][嘻嘻]',1721416963205115905,1770332633625104385,1721416963205115905,'2024-03-20 16:07:30',NULL,'2024-03-20 16:07:30',0),(1770361568412835841,'1',2,NULL,-1,'[嘻嘻][嘻嘻]',-1,-1,1721416963205115905,'2024-03-20 16:07:44',NULL,'2024-03-20 16:07:44',0),(1770361610154549250,'1',3,NULL,-1,'[哈哈][哈哈][哈哈]',-1,-1,1721416963205115905,'2024-03-20 16:07:54',NULL,'2024-03-20 16:07:54',0),(1770361645642555393,'1',1,NULL,-1,'哈哈哈哈哈',-1,-1,1721416963205115905,'2024-03-20 16:08:03',NULL,'2024-03-20 16:08:03',0),(1770361952049045505,'1',1,NULL,-1,'1111',-1,-1,1721416963205115905,'2024-03-20 16:09:16',NULL,'2024-03-20 16:09:16',0),(1770363470357762050,'0',2,NULL,1770334303675277313,'东方闪电',1721416963205115905,1770334471850090497,1721416963205115905,'2024-03-20 16:15:18',NULL,'2024-03-20 16:15:18',0),(1770363554373865474,'1',NULL,1,-1,'东方的一条龙',-1,-1,1721416963205115905,'2024-03-20 16:15:38',NULL,'2024-03-20 16:15:38',0),(1770364358669406209,'1',NULL,1,-1,'挂号费很过分',-1,-1,1721416963205115905,'2024-03-20 16:18:50',NULL,'2024-03-20 16:18:50',0),(1770365049374806017,'1',NULL,1,-1,'两个号开会尽快',-1,-1,1721416963205115905,'2024-03-20 16:21:34',NULL,'2024-03-20 16:21:34',0),(1770366276405858305,'1',NULL,1,-1,'该好好干',-1,-1,1721416963205115905,'2024-03-20 16:26:27',NULL,'2024-03-20 16:26:27',0),(1770367137584549889,'0',2,NULL,-1,'[微笑][微笑]',-1,-1,1721416963205115905,'2024-03-20 16:29:52',NULL,'2024-03-20 16:29:52',0),(1770367242328903682,'1',NULL,1,-1,'地方所发生的',-1,-1,1721416963205115905,'2024-03-20 16:30:17',NULL,'2024-03-20 16:30:17',0),(1770367870040043521,'0',2,NULL,-1,'[嘻嘻][嘻嘻][嘻嘻]',-1,-1,1721416963205115905,'2024-03-20 16:32:47',NULL,'2024-03-20 16:32:47',0),(1770368364187774977,'0',2,NULL,-1,'[嘻嘻][嘻嘻]',-1,-1,1721416963205115905,'2024-03-20 16:34:45',NULL,'2024-03-20 16:34:45',0),(1770369261227765762,'0',2,NULL,-1,'[微笑]',-1,-1,1721416963205115905,'2024-03-20 16:38:18',NULL,'2024-03-20 16:38:18',0),(1770369290726305793,'0',2,NULL,1770369261227765762,'卡里',1721416963205115905,1770369261227765762,1721416963205115905,'2024-03-20 16:38:25',NULL,'2024-03-20 16:38:25',0),(1770369290726305794,'0',5,NULL,-1,'哈哈',-1,-1,-1,'2025-03-25 15:56:06',-1,'2025-03-25 15:56:06',0),(1770369290726305795,'0',1,NULL,-1,'111',-1,-1,-1,'2025-03-25 16:10:47',-1,'2025-03-25 16:10:47',0),(1770369290726305796,'0',20,NULL,-1,'哈哈',-1,-1,1,'2025-03-31 16:40:28',1,'2025-03-31 16:40:28',0),(1770369290726305797,'0',20,NULL,1770369290726305796,'[嘻嘻]哈哈',1,1770369290726305796,1,'2025-03-31 16:41:14',1,'2025-03-31 16:41:14',0),(1770369290726305798,'0',9,NULL,-1,'[哈哈]',-1,-1,1,'2025-04-09 10:43:05',1,'2025-04-09 10:43:05',0),(1770369290726305799,'0',9,NULL,1770369290726305798,'有什么好笑的',1,1770369290726305798,14787164048668,'2025-04-11 16:42:44',14787164048668,'2025-04-11 16:42:44',0),(1770369290726305800,'0',9,NULL,1770369290726305798,'就好笑',14787164048668,1770369290726305799,14787164048669,'2025-04-21 15:34:16',14787164048669,'2025-04-21 15:34:16',0),(1770369290726305801,'0',9,NULL,-1,'我也喜欢大海！',-1,-1,14787164048669,'2025-04-21 15:49:29',14787164048669,'2025-04-21 15:49:29',0),(1770369290726305802,'0',44,NULL,-1,'好好看[嘻嘻]',-1,-1,1,'2025-04-24 11:49:59',1,'2025-04-24 11:49:59',0),(1770369290726305803,'0',44,NULL,1770369290726305802,'我也觉得',1,1770369290726305802,14787164048670,'2025-04-24 11:51:05',14787164048670,'2025-04-24 11:51:05',0);
/*!40000 ALTER TABLE `sg_comment` ENABLE KEYS */;
UNLOCK TABLES;

--
-- Table structure for table `sg_link`
--

DROP TABLE IF EXISTS `sg_link`;
/*!40101 SET @saved_cs_client     = @@character_set_client */;
/*!50503 SET character_set_client = utf8mb4 */;
CREATE TABLE `sg_link` (
  `id` bigint NOT NULL AUTO_INCREMENT,
  `name` varchar(256) DEFAULT NULL,
  `logo` varchar(256) DEFAULT NULL,
  `description` varchar(512) DEFAULT NULL,
  `address` varchar(128) DEFAULT NULL COMMENT '网站地址',
  `status` char(1) DEFAULT '2' COMMENT '审核状态 (0代表审核通过，1代表审核未通过，2代表未审核)',
  `create_by` bigint DEFAULT NULL,
  `create_time` datetime DEFAULT NULL,
  `update_by` bigint DEFAULT NULL,
  `update_time` datetime DEFAULT NULL,
  `del_flag` int DEFAULT '0' COMMENT '删除标志（0代表未删除，1代表已删除）',
  PRIMARY KEY (`id`)
) ENGINE=InnoDB AUTO_INCREMENT=4 DEFAULT CHARSET=utf8mb4 COLLATE=utf8mb4_0900_ai_ci COMMENT='友链';
/*!40101 SET character_set_client = @saved_cs_client */;

--
-- Dumping data for table `sg_link`
--

LOCK TABLES `sg_link` WRITE;
/*!40000 ALTER TABLE `sg_link` DISABLE KEYS */;
INSERT INTO `sg_link` VALUES (1,'sda','https://gimg2.baidu.com/image_search/src=http%3A%2F%2Fn1.itc.cn%2Fimg8%2Fwb%2Frecom%2F2016%2F05%2F10%2F146286696706220328.PNG&refer=http%3A%2F%2Fn1.itc.cn&app=2002&size=f9999,10000&q=a80&n=0&g=0n&fmt=jpeg?sec=1646205529&t=f942665181eb9b0685db7a6f59d59975','sda','https://www.baidu.com','1',NULL,'2022-01-13 08:25:47',NULL,'2022-01-13 08:36:14',0),(2,'sda','https://gimg2.baidu.com/image_search/src=http%3A%2F%2Fn1.itc.cn%2Fimg8%2Fwb%2Frecom%2F2016%2F05%2F10%2F146286696706220328.PNG&refer=http%3A%2F%2Fn1.itc.cn&app=2002&size=f9999,10000&q=a80&n=0&g=0n&fmt=jpeg?sec=1646205529&t=f942665181eb9b0685db7a6f59d59975','dada','https://www.qq.com','1',NULL,'2022-01-13 09:06:10',NULL,'2022-01-13 09:07:09',0),(3,'sa','https://gimg2.baidu.com/image_search/src=http%3A%2F%2Fn1.itc.cn%2Fimg8%2Fwb%2Frecom%2F2016%2F05%2F10%2F146286696706220328.PNG&refer=http%3A%2F%2Fn1.itc.cn&app=2002&size=f9999,10000&q=a80&n=0&g=0n&fmt=jpeg?sec=1646205529&t=f942665181eb9b0685db7a6f59d59975','da','https://www.taobao.com','1',NULL,'2022-01-13 09:23:01',NULL,'2022-01-13 09:23:01',0);
/*!40000 ALTER TABLE `sg_link` ENABLE KEYS */;
UNLOCK TABLES;

--
-- Table structure for table `sg_tag`
--

DROP TABLE IF EXISTS `sg_tag`;
/*!40101 SET @saved_cs_client     = @@character_set_client */;
/*!50503 SET character_set_client = utf8mb4 */;
CREATE TABLE `sg_tag` (
  `id` bigint NOT NULL AUTO_INCREMENT,
  `name` varchar(128) DEFAULT NULL COMMENT '标签名',
  `create_by` bigint DEFAULT NULL,
  `create_time` datetime DEFAULT NULL,
  `update_by` bigint DEFAULT NULL,
  `update_time` datetime DEFAULT NULL,
  `del_flag` int DEFAULT '0' COMMENT '删除标志（0代表未删除，1代表已删除）',
  `remark` varchar(500) DEFAULT NULL COMMENT '备注',
  PRIMARY KEY (`id`)
) ENGINE=InnoDB AUTO_INCREMENT=24 DEFAULT CHARSET=utf8mb4 COLLATE=utf8mb4_0900_ai_ci COMMENT='标签';
/*!40101 SET character_set_client = @saved_cs_client */;

--
-- Dumping data for table `sg_tag`
--

LOCK TABLES `sg_tag` WRITE;
/*!40000 ALTER TABLE `sg_tag` DISABLE KEYS */;
INSERT INTO `sg_tag` VALUES (1,'java',NULL,'2024-03-18 10:28:43',NULL,NULL,1,NULL),(2,'python',NULL,'2024-03-18 10:29:39',NULL,NULL,1,NULL),(11,'我的测试-大海',1,'2025-03-27 09:25:03',1,'2025-03-27 09:25:03',1,NULL),(12,'主题公园',1,'2025-04-11 14:13:19',1,'2025-04-11 14:13:19',0,NULL),(13,'野生动物',1,'2025-04-11 14:13:31',1,'2025-04-11 14:13:31',0,NULL),(14,'美食',1,'2025-04-11 14:13:38',1,'2025-04-11 14:13:38',0,NULL),(15,'节庆活动',1,'2025-04-11 14:13:44',1,'2025-04-11 14:13:44',0,NULL),(16,'夜生活',1,'2025-04-11 14:13:50',1,'2025-04-11 14:13:50',0,NULL),(17,'摄影',1,'2025-04-11 14:13:56',1,'2025-04-11 14:13:56',0,NULL),(18,'徒步',1,'2025-04-11 14:14:01',1,'2025-04-11 14:14:01',0,NULL),(19,'自驾游',1,'2025-04-11 14:14:07',1,'2025-04-11 14:14:07',0,NULL),(20,'自然',1,'2025-04-11 14:14:13',1,'2025-04-11 14:14:13',0,NULL),(21,'露营文化',1,'2025-04-11 14:14:20',1,'2025-04-11 14:14:20',0,NULL),(22,'极限活动',1,'2025-04-11 14:14:27',1,'2025-04-11 14:14:27',0,NULL),(23,'人文',1,'2025-04-17 10:57:52',1,'2025-04-17 10:57:52',0,NULL);
/*!40000 ALTER TABLE `sg_tag` ENABLE KEYS */;
UNLOCK TABLES;

--
-- Table structure for table `sys_menu`
--

DROP TABLE IF EXISTS `sys_menu`;
/*!40101 SET @saved_cs_client     = @@character_set_client */;
/*!50503 SET character_set_client = utf8mb4 */;
CREATE TABLE `sys_menu` (
  `id` bigint NOT NULL AUTO_INCREMENT COMMENT '菜单ID',
  `menu_name` varchar(50) NOT NULL COMMENT '菜单名称',
  `parent_id` bigint DEFAULT '0' COMMENT '父菜单ID',
  `order_num` int DEFAULT '0' COMMENT '显示顺序',
  `path` varchar(200) DEFAULT '' COMMENT '路由地址',
  `component` varchar(255) DEFAULT NULL COMMENT '组件路径',
  `is_frame` int DEFAULT '1' COMMENT '是否为外链（0是 1否）',
  `menu_type` char(1) DEFAULT '' COMMENT '菜单类型（M目录 C菜单 F按钮）',
  `visible` char(1) DEFAULT '0' COMMENT '菜单状态（0显示 1隐藏）',
  `status` char(1) DEFAULT '0' COMMENT '菜单状态（0正常 1停用）',
  `perms` varchar(100) DEFAULT NULL COMMENT '权限标识',
  `icon` varchar(100) DEFAULT '#' COMMENT '菜单图标',
  `create_by` bigint DEFAULT NULL COMMENT '创建者',
  `create_time` datetime DEFAULT NULL COMMENT '创建时间',
  `update_by` bigint DEFAULT NULL COMMENT '更新者',
  `update_time` datetime DEFAULT NULL COMMENT '更新时间',
  `remark` varchar(500) DEFAULT '' COMMENT '备注',
  `del_flag` char(1) DEFAULT '0',
  PRIMARY KEY (`id`)
) ENGINE=InnoDB AUTO_INCREMENT=2038 DEFAULT CHARSET=utf8mb3 COMMENT='菜单权限表';
/*!40101 SET character_set_client = @saved_cs_client */;

--
-- Dumping data for table `sys_menu`
--

LOCK TABLES `sys_menu` WRITE;
/*!40000 ALTER TABLE `sys_menu` DISABLE KEYS */;
INSERT INTO `sys_menu` VALUES (1,'系统管理',0,1,'system',NULL,1,'M','0','0','','system',0,'2021-11-12 10:46:19',0,NULL,'系统管理目录','0'),(100,'用户管理',1,1,'user','system/user/index',1,'C','0','0','system:user:list','user',0,'2021-11-12 10:46:19',1,'2022-07-31 15:47:58','用户管理菜单','0'),(101,'角色管理',1,2,'role','system/role/index',1,'C','0','0','system:role:list','peoples',0,'2021-11-12 10:46:19',0,NULL,'角色管理菜单','0'),(102,'菜单管理',1,3,'menu','system/menu/index',1,'C','0','0','system:menu:list','tree-table',0,'2021-11-12 10:46:19',0,NULL,'菜单管理菜单','0'),(1001,'用户查询',100,1,'','',1,'F','0','0','system:user:query','#',0,'2021-11-12 10:46:19',0,NULL,'','0'),(1002,'用户新增',100,2,'','',1,'F','0','0','system:user:add','#',0,'2021-11-12 10:46:19',0,NULL,'','0'),(1003,'用户修改',100,3,'','',1,'F','0','0','system:user:edit','#',0,'2021-11-12 10:46:19',0,NULL,'','0'),(1004,'用户删除',100,4,'','',1,'F','0','0','system:user:remove','#',0,'2021-11-12 10:46:19',0,NULL,'','0'),(1005,'用户导出',100,5,'','',1,'F','0','0','system:user:export','#',0,'2021-11-12 10:46:19',0,NULL,'','0'),(1006,'用户导入',100,6,'','',1,'F','0','0','system:user:import','#',0,'2021-11-12 10:46:19',0,NULL,'','0'),(1007,'重置密码',100,7,'','',1,'F','0','0','system:user:resetPwd','#',0,'2021-11-12 10:46:19',0,NULL,'','0'),(1008,'角色查询',101,1,'','',1,'F','0','0','system:role:query','#',0,'2021-11-12 10:46:19',0,NULL,'','0'),(1009,'角色新增',101,2,'','',1,'F','0','0','system:role:add','#',0,'2021-11-12 10:46:19',0,NULL,'','0'),(1010,'角色修改',101,3,'','',1,'F','0','0','system:role:edit','#',0,'2021-11-12 10:46:19',0,NULL,'','0'),(1011,'角色删除',101,4,'','',1,'F','0','0','system:role:remove','#',0,'2021-11-12 10:46:19',0,NULL,'','0'),(1012,'角色导出',101,5,'','',1,'F','0','0','system:role:export','#',0,'2021-11-12 10:46:19',0,NULL,'','0'),(1013,'菜单查询',102,1,'','',1,'F','0','0','system:menu:query','#',0,'2021-11-12 10:46:19',0,NULL,'','0'),(1014,'菜单新增',102,2,'','',1,'F','0','0','system:menu:add','#',0,'2021-11-12 10:46:19',0,NULL,'','0'),(1015,'菜单修改',102,3,'','',1,'F','0','0','system:menu:edit','#',0,'2021-11-12 10:46:19',0,NULL,'','0'),(1016,'菜单删除',102,4,'','',1,'F','0','0','system:menu:remove','#',0,'2021-11-12 10:46:19',0,NULL,'','0'),(2017,'内容管理',0,4,'content',NULL,1,'M','0','0',NULL,'table',NULL,'2022-01-08 02:44:38',1,'2022-07-31 12:34:23','','0'),(2018,'分类管理',2017,1,'category','content/category/index',1,'C','0','0','content:category:list','example',NULL,'2022-01-08 02:51:45',NULL,'2022-01-08 02:51:45','','0'),(2019,'文章管理',2017,0,'article','content/article/index',1,'C','0','0','content:article:list','build',NULL,'2022-01-08 02:53:10',NULL,'2022-01-08 02:53:10','','0'),(2021,'标签管理',2017,6,'tag','content/tag/index',1,'C','0','0','content:tag:index','button',NULL,'2022-01-08 02:55:37',NULL,'2022-01-08 02:55:50','','0'),(2022,'友链管理',2017,4,'link','content/link/index',1,'C','0','0','content:link:list','404',NULL,'2022-01-08 02:56:50',NULL,'2022-01-08 02:56:50','','0'),(2023,'写博文',0,0,'write','content/article/write/index',1,'C','0','0','content:article:writer','build',NULL,'2022-01-08 03:39:58',NULL,'2023-04-06 20:16:29','','0'),(2024,'友链新增',2022,0,'',NULL,1,'F','0','0','content:link:add','#',NULL,'2022-01-16 07:59:17',NULL,'2022-01-16 07:59:17','','0'),(2025,'友链修改',2022,1,'',NULL,1,'F','0','0','content:link:edit','#',NULL,'2022-01-16 07:59:44',NULL,'2022-01-16 07:59:44','','0'),(2026,'友链删除',2022,1,'',NULL,1,'F','0','0','content:link:remove','#',NULL,'2022-01-16 08:00:05',NULL,'2022-01-16 08:00:05','','0'),(2027,'友链查询',2022,2,'',NULL,1,'F','0','0','content:link:query','#',NULL,'2022-01-16 08:04:09',NULL,'2022-01-16 08:04:09','','0'),(2028,'导出分类',2018,1,'',NULL,1,'F','0','0','content:category:export','#',NULL,'2022-01-21 07:06:59',NULL,'2022-01-21 07:06:59','','0');
/*!40000 ALTER TABLE `sys_menu` ENABLE KEYS */;
UNLOCK TABLES;

--
-- Table structure for table `sys_role`
--

DROP TABLE IF EXISTS `sys_role`;
/*!40101 SET @saved_cs_client     = @@character_set_client */;
/*!50503 SET character_set_client = utf8mb4 */;
CREATE TABLE `sys_role` (
  `id` bigint NOT NULL AUTO_INCREMENT COMMENT '角色ID',
  `role_name` varchar(30) NOT NULL COMMENT '角色名称',
  `role_key` varchar(100) NOT NULL COMMENT '角色权限字符串',
  `role_sort` int NOT NULL COMMENT '显示顺序',
  `status` char(1) NOT NULL COMMENT '角色状态（0正常 1停用）',
  `del_flag` char(1) DEFAULT '0' COMMENT '删除标志（0代表存在 1代表删除）',
  `create_by` bigint DEFAULT NULL COMMENT '创建者',
  `create_time` datetime DEFAULT NULL COMMENT '创建时间',
  `update_by` bigint DEFAULT NULL COMMENT '更新者',
  `update_time` datetime DEFAULT NULL COMMENT '更新时间',
  `remark` varchar(500) DEFAULT NULL COMMENT '备注',
  PRIMARY KEY (`id`)
) ENGINE=InnoDB AUTO_INCREMENT=21 DEFAULT CHARSET=utf8mb3 COMMENT='角色信息表';
/*!40101 SET character_set_client = @saved_cs_client */;

--
-- Dumping data for table `sys_role`
--

LOCK TABLES `sys_role` WRITE;
/*!40000 ALTER TABLE `sys_role` DISABLE KEYS */;
INSERT INTO `sys_role` VALUES (1,'超级管理员','admin',1,'0','0',0,'2021-11-12 10:46:19',NULL,'2023-04-11 16:38:45','超级管理员'),(2,'普通角色','common',2,'0','0',0,'2021-11-12 10:46:19',NULL,'2023-04-09 16:12:20','普通角色'),(11,'嘎嘎嘎','aggag',5,'0','0',NULL,'2022-01-06 14:07:40',NULL,'2023-04-10 15:13:05','嘎嘎嘎'),(12,'友链审核员','link',1,'0','0',NULL,'2022-01-16 06:49:30',NULL,'2023-04-11 16:39:00',NULL);
/*!40000 ALTER TABLE `sys_role` ENABLE KEYS */;
UNLOCK TABLES;

--
-- Table structure for table `sys_role_menu`
--

DROP TABLE IF EXISTS `sys_role_menu`;
/*!40101 SET @saved_cs_client     = @@character_set_client */;
/*!50503 SET character_set_client = utf8mb4 */;
CREATE TABLE `sys_role_menu` (
  `role_id` bigint NOT NULL COMMENT '角色ID',
  `menu_id` bigint NOT NULL COMMENT '菜单ID',
  PRIMARY KEY (`role_id`,`menu_id`)
) ENGINE=InnoDB DEFAULT CHARSET=utf8mb3 COMMENT='角色和菜单关联表';
/*!40101 SET character_set_client = @saved_cs_client */;

--
-- Dumping data for table `sys_role_menu`
--

LOCK TABLES `sys_role_menu` WRITE;
/*!40000 ALTER TABLE `sys_role_menu` DISABLE KEYS */;
INSERT INTO `sys_role_menu` VALUES (0,0),(1,1),(1,100),(1,101),(1,102),(1,1001),(1,1002),(1,1003),(1,1004),(1,1005),(1,1006),(1,1007),(1,1008),(1,1009),(1,1010),(1,1011),(1,1012),(1,1013),(1,1014),(1,1015),(1,1016),(1,2017),(1,2018),(1,2019),(1,2021),(1,2022),(1,2024),(1,2025),(1,2026),(1,2027),(1,2028),(2,1),(2,102),(2,1013),(2,1014),(2,1015),(2,1016),(11,1),(11,100),(11,101),(11,102),(11,103),(11,104),(11,105),(11,106),(11,107),(11,108),(11,500),(11,501),(11,1001),(11,1002),(11,1003),(11,1004),(11,1005),(11,1006),(11,1007),(11,1008),(11,1009),(11,1010),(11,1011),(11,1012),(11,1013),(11,1014),(11,1015),(11,1016),(11,1017),(11,1018),(11,1019),(11,1020),(11,1021),(11,1022),(11,1023),(11,1024),(11,1025),(11,1026),(11,1027),(11,1028),(11,1029),(11,1030),(11,1031),(11,1032),(11,1033),(11,1034),(11,1035),(11,1036),(11,1037),(11,1038),(11,1039),(11,1040),(11,1041),(11,1042),(11,1043),(11,1044),(11,1045),(11,2000),(11,2003),(11,2004),(11,2005),(11,2006),(11,2007),(11,2008),(11,2009),(11,2010),(11,2011),(11,2012),(11,2013),(11,2014),(12,2017),(12,2022),(12,2024),(12,2025),(12,2026),(12,2027);
/*!40000 ALTER TABLE `sys_role_menu` ENABLE KEYS */;
UNLOCK TABLES;

--
-- Table structure for table `sys_user`
--

DROP TABLE IF EXISTS `sys_user`;
/*!40101 SET @saved_cs_client     = @@character_set_client */;
/*!50503 SET character_set_client = utf8mb4 */;
CREATE TABLE `sys_user` (
  `id` bigint NOT NULL AUTO_INCREMENT COMMENT '主键',
  `user_name` varchar(64) NOT NULL DEFAULT 'NULL' COMMENT '用户名',
  `nick_name` varchar(64) NOT NULL DEFAULT 'NULL' COMMENT '昵称',
  `password` varchar(64) NOT NULL DEFAULT 'NULL' COMMENT '密码',
  `type` char(1) DEFAULT '0' COMMENT '用户类型：0代表普通用户，1代表管理员',
  `status` char(1) DEFAULT '0' COMMENT '账号状态（0正常 1停用）',
  `email` varchar(64) DEFAULT NULL COMMENT '邮箱',
  `phonenumber` varchar(32) DEFAULT NULL COMMENT '手机号',
  `sex` char(1) DEFAULT NULL COMMENT '用户性别（0男，1女，2未知）',
  `avatar` varchar(128) DEFAULT NULL COMMENT '头像',
  `create_by` bigint DEFAULT NULL COMMENT '创建人的用户id',
  `create_time` datetime DEFAULT NULL COMMENT '创建时间',
  `update_by` bigint DEFAULT NULL COMMENT '更新人',
  `update_time` datetime DEFAULT NULL COMMENT '更新时间',
  `del_flag` int DEFAULT '0' COMMENT '删除标志（0代表未删除，1代表已删除）',
  PRIMARY KEY (`id`)
) ENGINE=InnoDB AUTO_INCREMENT=14787164048673 DEFAULT CHARSET=utf8mb4 COLLATE=utf8mb4_0900_ai_ci COMMENT='用户表';
/*!40101 SET character_set_client = @saved_cs_client */;

--
-- Dumping data for table `sys_user`
--

LOCK TABLES `sys_user` WRITE;
/*!40000 ALTER TABLE `sys_user` DISABLE KEYS */;
INSERT INTO `sys_user` VALUES (1,'root','xlzfa','$2b$12$c1sYnQOp7ANa6hxLI4vRkO0c7Iwfl5QSQBajnFlOvugdsrk4voAS2','1','0','23412332@qq.com','18888888888','0','https://xlzfa.oss-cn-beijing.aliyuncs.com/sangengblog/90172d7617a74e22bca51284eb40283d.jpeg',NULL,'2022-01-05 09:01:56',NULL,'2025-04-10 08:33:42',0),(14787164048668,'user1','numb','$2a$10$.jthDSldV8WXKzTAFtILzu2K/O1vPoWBEmZFo6OiMnBa6Ty7UFsxG','0','0','www1@163.com',NULL,'0','https://xlzfa.oss-cn-beijing.aliyuncs.com/sangengblog/bcd97eb9a2ef4fdcb8452e945bf95bb2.jpeg',-1,'2025-04-10 08:48:15',NULL,'2025-04-11 16:43:36',0),(14787164048669,'user2','季庭','$2a$10$H4BfLhtdjTPfR7tGFbmF4.StozmcNkUwJk6a93DA56tbnbiYgnbO.','0','0','www2@163.com',NULL,NULL,'https://xlzfa.oss-cn-beijing.aliyuncs.com/sangengblog/91a62fad0bc549f5bb32d4a29e0819d0.jpeg',-1,'2025-04-18 20:16:16',NULL,'2025-04-18 20:17:23',0),(14787164048670,'user3','泡','$2a$10$7ZIfYyw2EqtfjJYKKOilZu1TL7LR7BXUA/I7hFQdaO9YhYbcY1cEu','0','0','www3@163.com',NULL,'1','https://xlzfa.oss-cn-beijing.aliyuncs.com/sangengblog/ae8950183f67457999f9b39d9b8ade82.jpeg',-1,'2025-04-23 11:56:29',NULL,'2025-04-23 11:59:25',0),(14787164048671,'user4','豆先生','$2a$10$alqIzht2qctdywmCdhe2hOV39ldEX7sATGWxeQ0Z.oLN3yIVhMpU.','0','0','www4@163.com',NULL,'0','https://xlzfa.oss-cn-beijing.aliyuncs.com/sangengblog/0e25abe3346d440b9872ec4dbe7d9499.jpeg',-1,'2025-04-24 11:28:00',NULL,'2025-04-24 11:28:28',0),(14787164048672,'user5','孙圳','$2a$10$.1UIVBHIZUFyVo5xwHrOS.r3oz6bAcdkexjDGo8HEtEWLYV0MY28u','0','0','www5@163.com',NULL,'0','https://xlzfa.oss-cn-beijing.aliyuncs.com/sangengblog/7329173ab9144f81b1b67e1f339d08e8.jpeg',-1,'2025-04-24 11:33:03',NULL,'2025-04-24 11:33:42',0);
/*!40000 ALTER TABLE `sys_user` ENABLE KEYS */;
UNLOCK TABLES;

--
-- Table structure for table `sys_user_role`
--

DROP TABLE IF EXISTS `sys_user_role`;
/*!40101 SET @saved_cs_client     = @@character_set_client */;
/*!50503 SET character_set_client = utf8mb4 */;
CREATE TABLE `sys_user_role` (
  `user_id` bigint NOT NULL COMMENT '用户ID',
  `role_id` bigint NOT NULL COMMENT '角色ID',
  PRIMARY KEY (`user_id`,`role_id`)
) ENGINE=InnoDB DEFAULT CHARSET=utf8mb3 COMMENT='用户和角色关联表';
/*!40101 SET character_set_client = @saved_cs_client */;

--
-- Dumping data for table `sys_user_role`
--

LOCK TABLES `sys_user_role` WRITE;
/*!40000 ALTER TABLE `sys_user_role` DISABLE KEYS */;
INSERT INTO `sys_user_role` VALUES (1,1),(2,2),(3,2),(5,2),(6,11),(6,12);
/*!40000 ALTER TABLE `sys_user_role` ENABLE KEYS */;
UNLOCK TABLES;

--
-- Dumping routines for database 'tushuo'
--
/*!40103 SET TIME_ZONE=@OLD_TIME_ZONE */;

/*!40101 SET SQL_MODE=@OLD_SQL_MODE */;
/*!40014 SET FOREIGN_KEY_CHECKS=@OLD_FOREIGN_KEY_CHECKS */;
/*!40014 SET UNIQUE_CHECKS=@OLD_UNIQUE_CHECKS */;
/*!40101 SET CHARACTER_SET_CLIENT=@OLD_CHARACTER_SET_CLIENT */;
/*!40101 SET CHARACTER_SET_RESULTS=@OLD_CHARACTER_SET_RESULTS */;
/*!40101 SET COLLATION_CONNECTION=@OLD_COLLATION_CONNECTION */;
/*!40111 SET SQL_NOTES=@OLD_SQL_NOTES */;

-- Dump completed on 2025-09-01 10:52:04
